feature,importance
cyclone_category_rank,0.6722477
active_cyclone_flag,0.058232903
pressure_delta_3h,0.049569447
cyclone_wind_kt,0.034276534
cyclone_pressure_drop_hpa,0.031187655
hour,0.02724254
sin_hour,0.025149627
cos_hour,0.022023106
cyclone_distance_km,0.011782594
cos_month,0.008450008
cyclone_pressure_hpa,0.008028434
wind_speed_10m,0.0076938914
month,0.007633282
sin_month,0.0057119997
pressure_gradient,0.0047068503
longitude,0.004481933
t2m,0.003850668
msl,0.0035043997
tp,0.003085285
u10,0.0028309417
latitude,0.0028171502
v10,0.0021434748
temperature_gradient,0.0015045987
wind_delta_3h,0.00075910764
wind_gradient,0.0004851153
pressure_local_anomaly,0.00036355556
wind_local_anomaly,0.00023712442
