year,page,table_no,rows,status,description,message
2020,2,1,36,parsed,"Best track positions and other parameters of the Super Cyclonic Storm, ‘AMPHAN’ over the Bay of Bengal during16 May-21 May, 2020",
2020,3,1,8,parsed,"Best track positions and other parameters of the Super Cyclonic Storm, ‘AMPHAN’ over the Bay of Bengal during16 May-21 May, 2020",
2020,3,1,13,parsed,"Best track positions and other parameters of the Super Cyclonic Storm, ‘AMPHAN’ over the Bay of Bengal during16 May-21 May, 2020",
2020,4,3,23,parsed,"Best track positions and other parameters of the Severe Cyclonic Storm “NISARGA” over the eastcentral and adjoining southeast Arabian Sea (01st-04th June, 2020)",
2020,5,4,18,parsed,Best track positions and other parameters of the deep depression over Bay of Bengal during 11th - 14th October,
2020,6,5,9,parsed,"Best track positions and other parameters of the depression over the Arabian Sea during 17th -19th October, 2020",
2020,7,6,10,parsed,"Best track positions and other parameters of the depression over the Bay of Bengal during 22nd -24th October, 2020",
2020,8,7,28,parsed,"Best track positions and other parameters of the Very Severe Cyclonic Storm, ‘NIVAR’ over the Bay of Bengal during 22 Nov- 27 Nov, 2020",
2020,9,8,16,parsed,"Best track positions and other parameters of the Very Severe Cyclonic Storm ‘GATI’ over the Arabian Sea during 21st - 24th November, 2020",
2020,10,9,35,parsed,"Best track positions and other parameters of the Cyclonic Storm, ‘BUREVI’ over the Bay of Bengal during 30 Nov- 05 Dec., 2020",
2021,2,1,7,parsed,"Best track positions and other parameters of the Depression over North Andaman Sea during 02nd- 03rd April, 2021",
2021,3,2,40,parsed,"Best track positions and other parameters of the Extremely Severe Cyclonic Storm, “Tauktae” over the Arabian Sea during 14 May- 19 May, 2021",
2021,4,3,30,parsed,"Best track positions and other parameters of the Very Severe Cyclonic Storm, “YAAS” over the Bay of Bengal during 23 May- 28 May, 2021",
2021,5,4,11,parsed,"Best track positions and other parameters of the Deep Depression over the Northwest Bay of Bengal and adjoining Odisha coast during 12 Sept- 15 Sept, 2021",
2021,6,5,24,parsed,"Best track positions and other parameters of the Cyclonic Storm GULAB over the Northwest Bay of Bengal and adjoining Odisha coast during 24 Sept- 28 Sept, 2021",
2021,7,6,32,parsed,"Best track positions and other parameters of the Severe Cyclonic Storm SHAHEEN over Arabian Sea during 30 Sept- 4 Oct, 2021",
2021,8,7,9,parsed,"Best track positions and other parameters of the Depression over Arabian Sea during 07 Nov- 09 Nov, 2021",
2021,8,8,7,parsed,"Best track positions and other parameters of the Depression over Bay of Bengal during 10 Nov- 12 Nov, 2021",
2021,9,9,6,parsed,"Best track positions and other parameters of the Depression over southwest Bay of Bengal during 18 Nov- 19 Nov, 2021",
2021,9,10,21,parsed,"Best track positions and other parameters of the Cyclonic Storm, “JAWAD” over the Bay of Bengal during 02 - 06 December, 2021",
2022,2,1,16,parsed,"Best track positions and other parameters of the Deep Depression over the Bay of Bengal during 3rd -6th March, 2022",
2022,3,2,17,parsed,"Best track positions and other parameters of the Deep Depression over the southeast Bay of Bengal during 20 March- 23 March, 2022",
2022,5,3,20,parsed,"Best track positions and other parameters of the Severe Cyclonic storm ASANI over Bay of Bengal during 07 - 12 May, 2022",
2022,6,3,15,parsed,"Best track positions and other parameters of the Severe Cyclonic storm ASANI over Bay of Bengal during 07 - 12 May, 2022",
2022,7,4,5,parsed,"Best track positions and other parameters of depression over Gulf of Martaban and adjoining Myanmar (20th -21st May, 2022)",
2022,8,5,9,parsed,"Best track positions and other parameters of the Depression over Northeast Arabian Sea (16-17 July, 2022)",
2022,9,6,4,parsed,"Best track positions and other parameters of the Depression over coastal Odisha (09-10 August, 2022)",
2022,10,7,7,parsed,BEST TRACK POSITIONS AND OTHER PARAMETERS OF DEPRESSION OVER NORTHEAST ARABIAN SEA (12-13 AUGUST 2022),
2022,11,8,12,parsed,BEST TRACK POSITIONS AND OTHER PARAMETERS OF DEPRESSION OVER NORTHWEST BAY OF BENGAL (14-16 AUGUST 2022),
2022,12,9,16,parsed,"BEST TRACK POSITIONS AND OTHER PARAMETERS OF DEEP DEPRESSION OVER NORTH BAY OF BENGAL (19-22 AUGUST, 2022)",
2022,13,9,6,parsed,"BEST TRACK POSITIONS AND OTHER PARAMETERS OF DEEP DEPRESSION OVER NORTH BAY OF BENGAL (19-22 AUGUST, 2022)",
2022,14,10,6,parsed,BEST TRACK POSITIONS AND OTHER PARAMETERS OF DEPRESSION OVER SOUTH COASTAL ODISHA AND NEIGHBOURHOOD (11-12 SEPTEMBER 2022),
2022,15,11,17,parsed,"Best track positions and other parameters of the cyclonic storm “SITRANG” over Bay of Bengal during 22 - 25 October, 2022.",
2022,16,11,3,parsed,"Best track positions and other parameters of the cyclonic storm “SITRANG” over Bay of Bengal during 22 - 25 October, 2022.",
2022,17,12,11,parsed,"Best track positions and other parameters of the Depression over southwest and adjoining southeast BoB during 20nd-22nd November, 2022",
2022,18,13,17,parsed,"Best track positions and other parameters of the severe cyclonic storm “MANDOUS” over Bay of Bengal during 6 - 10 December, 2022.",
2022,19,13,10,parsed,"Best track positions and other parameters of the severe cyclonic storm “MANDOUS” over Bay of Bengal during 6 - 10 December, 2022.",
2022,20,14,16,parsed,"Best track positions and other parameters of the Deep Depression over Arabian Sea during 14 - 17 December, 2022.",
2022,21,15,17,parsed,"Best track positions and other parameters of the Depression over southwest and adjoining southeast Bay of Bengal during 22 December- 25 December, 2022 Knots: kt, 1 kt = 1.85 kmph, Time in IST= Time in UTC + 0530 hrs",
2023,2,1,14,parsed,"Best track positions and other parameters of the Depression over Southwest Bay of Bengal during 30 January - 02 February, 2023.",
2023,3,1,4,parsed,"Best track positions and other parameters of the Depression over Southwest Bay of Bengal during 30 January - 02 February, 2023.",
2023,4,2,34,parsed,"Best track positions and other parameters of the Extremely Severe Cyclonic Storm MOCHA over BoB during 09th – 15th May, 2023",
2023,5,2,6,parsed,"Best track positions and other parameters of the Extremely Severe Cyclonic Storm MOCHA over BoB during 09th – 15th May, 2023",
2023,6,3,29,parsed,"Best track positions and other parameters of the Extremely Severe Cyclonic Storm “BIPARJOY” over Arabian Sea during 06th – 19th June, 2023",
2023,7,3,39,parsed,"Best track positions and other parameters of the Extremely Severe Cyclonic Storm “BIPARJOY” over Arabian Sea during 06th – 19th June, 2023",
2023,8,3,29,parsed,"Best track positions and other parameters of the Extremely Severe Cyclonic Storm “BIPARJOY” over Arabian Sea during 06th – 19th June, 2023",
2023,9,4,13,parsed,"Best track positions and other parameters of the Deep Depression over Northeast Bay of Bengal during 01 August - 03 August, 2023",
2023,10,5,5,parsed,"Best track positions and other parameters of the Depression over Eastcentral Arabian Sea during 30th Sep - 01st October, 2023",
2023,11,6,32,parsed,"Best track positions and other parameters of the Extremely Severe Cyclonic Storm TEJ over AS during 20th – 24th October, 2023",
2023,12,6,1,parsed,"Best track positions and other parameters of the Extremely Severe Cyclonic Storm TEJ over AS during 20th – 24th October, 2023",
2023,12,6,26,parsed,"Best track positions and other parameters of the Extremely Severe Cyclonic Storm TEJ over AS during 20th – 24th October, 2023",
2023,13,6,3,parsed,"Best track positions and other parameters of the Extremely Severe Cyclonic Storm TEJ over AS during 20th – 24th October, 2023",
2023,13,6,17,parsed,"Best track positions and other parameters of the Extremely Severe Cyclonic Storm TEJ over AS during 20th – 24th October, 2023",
2023,14,9,29,parsed,"Best track positions and other parameters of the Severe Cyclonic Storm “MICHAUNG “over BoB during 1st – 6th December, 2023",
2023,15,9,5,parsed,"Best track positions and other parameters of the Severe Cyclonic Storm “MICHAUNG “over BoB during 1st – 6th December, 2023",
2024,2,1,19,parsed,"Best track positions and other parameters of the Severe Cyclonic Storm REMAL over Bay of Bengal during 24th – 28th May, 2024",
2024,3,1,11,parsed,"Best track positions and other parameters of the Severe Cyclonic Storm REMAL over Bay of Bengal during 24th – 28th May, 2024",
2024,4,2,7,parsed,"Best track positions and other parameters of the Depression over Bay of Bengal during 19th – 20th July, 2024",
2024,5,3,17,parsed,"Best track positions and other parameters of the Deep Depression over North Jharkhand and neighbourhood during 02nd – 06th August, 2024",
2024,6,4,33,parsed,"Best track positions and other parameters of the Cyclonic Storm ASNA over Land during 25th August – 02nd September, 2024",
2024,7,4,16,parsed,"Best track positions and other parameters of the Cyclonic Storm ASNA over Land during 25th August – 02nd September, 2024",
2024,8,5,13,parsed,"Best track positions and other parameters of the Depression over westcentral Bay of Bengal during 31th August – 02nd September, 2024",
2024,9,6,13,parsed,"Best track positions and other parameters of the Deep Depression over Westcentral and adjoining Northwest Bay of Bengal during 08th Sept – 10th Sept, 2024",
2024,10,7,10,parsed,"Best track positions and other parameters of the re-intensified Depression over Northeast Madhya Pradesh during 11th Sept – 13th Sept, 2024",
2024,11,8,18,parsed,"Best track positions and other parameters of the Deep Depression over Northeast Bay of Bengal and adjoining Bangladesh during 13th Sept – 17th Sept, 2024",
2024,12,8,4,parsed,"Best track positions and other parameters of the Deep Depression over Northeast Bay of Bengal and adjoining Bangladesh during 13th Sept – 17th Sept, 2024",
2024,13,9,11,parsed,"Best track positions and other parameters of the Depression over central Arabian Sea during 13th Oct – 15th Oct, 2024",
2024,14,10,7,parsed,"Best track positions and other parameters of the Depression over southwest Bay of Bengal during 15th Oct – 17th Oct, 2024",
2024,15,11,20,parsed,"Best track positions and other parameters of the Severe Cyclonic Storm “DANA” over Eastcentral Bay of Bengal during 22nd – 26th October, 2024",
2024,16,11,7,parsed,"Best track positions and other parameters of the Severe Cyclonic Storm “DANA” over Eastcentral Bay of Bengal during 22nd – 26th October, 2024",
2024,17,12,22,parsed,"Best track positions and other parameters of the Cyclonic Storm “Fengal” over Southwest Bay of Bengal during 25th November – 01st December, 2024",
2024,18,12,18,parsed,"Best track positions and other parameters of the Cyclonic Storm “Fengal” over Southwest Bay of Bengal during 25th November – 01st December, 2024",
2024,19,13,5,parsed,"Best track positions and other parameters of the Depression over westcentral Bay of Bengal during 20th – 21st December, 2024",
2025,2,1,5,parsed,"Best track positions and other parameters of the Depression over Eastcentral Arabian Sea and adjoining south Konkan coast during 24th May – 25th May, 2025",
2025,3,2,8,parsed,"Best track positions and other parameters of the Deep Depression Over Northwest Bay of Bengal off West Bengal-Bangladesh Coasts during 29th May – 30th May, 2025",
2025,4,3,4,parsed,"Best track positions and other parameters of the Depression over southeast Gangetic West Bengal and adjoining Bangladesh during 14th – 15th July, 2025",
2025,4,4,4,parsed,"Best track positions and other parameters of the Depression over central parts of north Rajasthan during 15th – 16th July, 2025",
2025,5,5,15,parsed,"Best track positions and other parameters of the Depression over Southeast Uttar Pradesh during 17th – 20th July, 2025",
2025,6,6,10,parsed,Best track positions and other parameters of the Depression over Northwest Bay of Bengal during 25th – 27th July 2025,
2025,6,7,5,parsed,"Best track positions and other parameters of the Depression over northwest & adjoining westcentral Bay of Bengal and north Andhra Pradesh -south Odisha coasts during 18th August – 19th August, 2025",
2025,7,8,21,parsed,"Best track positions and other parameters of the Land Deep Depression over Southwest Rajasthan and neighbourhood during 6th – 10th Sep, 2025",
2025,8,9,8,parsed,"Best track of Depression over northwest and adjoining westcentral Bay of Bengal off south Odisha-north Andhra Pradesh coasts during 26th - 28th September, 2025",
2025,9,10,11,parsed,"Best track positions and other parameters of the Deep Depression over Westcentral Bay of Bengal during 01st – 03rd October, 2025",
2025,10,11,21,parsed,"Best track positions and other parameters of the Severe Cyclonic Storm Shakhti over Arabian Sea during 01st – 07th October, 2025",
2025,11,11,20,parsed,"Best track positions and other parameters of the Severe Cyclonic Storm Shakhti over Arabian Sea during 01st – 07th October, 2025",
2025,12,12,22,parsed,"Best track positions and other parameters of the Depression over Southeast Arabian Sea during 22nd October– 1st November, 2025",
2025,13,12,25,parsed,"Best track positions and other parameters of the Depression over Southeast Arabian Sea during 22nd October– 1st November, 2025",
2025,14,12,3,parsed,"Best track positions and other parameters of the Depression over Southeast Arabian Sea during 22nd October– 1st November, 2025",
2025,15,13,27,parsed,"Best track positions and other parameters of the Severe Cyclonic Storm “Montha” over Southeast Bay of Bengal during 25th – 30th October, 2025",
2025,16,13,5,parsed,"Best track positions and other parameters of the Severe Cyclonic Storm “Montha” over Southeast Bay of Bengal during 25th – 30th October, 2025",
2025,17,14,17,parsed,Best track positions and other parameters of the CS SENYAR over strait of Malacca 25th – 27th November 2025,
2025,18,15,21,parsed,"Best track positions and other parameters of the Cyclonic Storm “Ditwah” over Southwest Bay of Bengal and adjoining areas of southeast Sri Lanka & Equatorial Indian Ocean during 26th November – 03rd December, 2025",
2025,19,15,20,parsed,"Best track positions and other parameters of the Cyclonic Storm “Ditwah” over Southwest Bay of Bengal and adjoining areas of southeast Sri Lanka & Equatorial Indian Ocean during 26th November – 03rd December, 2025",
