year,table_no,system_name,rows,description
2020,1,AMPHAN,41,"‘AMPHAN’ over the Bay of Bengal during16 May-21 May, 2020"
2020,2,UNKNOWN,0,"south coastal Oman and adjoining Yemen during 29 May- 01 June, 2020"
2020,3,NISARGA,11,"“NISARGA” over the eastcentral and adjoining southeast Arabian Sea (01st-04th June, 2020)"
2020,4,UNKNOWN,15,of Bengal during 11th - 14th October
2020,5,UNKNOWN,0,"Sea during 17th -19th October, 2020"
2020,6,UNKNOWN,8,"Bengal during 22nd -24th October, 2020"
2020,7,NIVAR,22,"‘NIVAR’ over the Bay of Bengal during 22 Nov- 27 Nov, 2020"
2020,8,GATI,12,"‘GATI’ over the Arabian Sea during 21st - 24th November, 2020"
2020,9,UNKNOWN,16,"over the Bay of Bengal during 30 Nov- 05 Dec., 2020"
2021,1,UNKNOWN,0,"Andaman Sea during 02nd- 03rd April, 2021"
2021,2,TAUKTAE,40,"Storm, “Tauktae” over the Arabian Sea during 14 May- 19 May, 2021"
2021,3,YAAS,30,"“YAAS” over the Bay of Bengal during 23 May- 28 May, 2021"
2021,4,UNKNOWN,11,"Northwest Bay of Bengal and adjoining Odisha coast during 12 Sept- 15 Sept, 2021"
2021,5,UNKNOWN,22,"over the Northwest Bay of Bengal and adjoining Odisha coast during 24 Sept- 28 Sept, 2021"
2021,6,SHAHEEN,31,"SHAHEEN over Arabian Sea during 30 Sept- 4 Oct, 2021"
2021,7,UNKNOWN,0,"Nov- 09 Nov, 2021"
2021,8,UNKNOWN,0,"10 Nov- 12 Nov, 2021"
2021,9,UNKNOWN,0,"Bengal during 18 Nov- 19 Nov, 2021"
2021,10,UNKNOWN,0,"Bay of Bengal during 02 - 06 December, 2021"
2022,1,UNKNOWN,0,"the Bay of Bengal during 3rd -6th March, 2022"
2022,2,UNKNOWN,0,"the southeast Bay of Bengal during 20 March- 23 March, 2022"
2022,3,ASANI,35,"ASANI over Bay of Bengal during 07 - 12 May, 2022"
2022,4,UNKNOWN,3,"Gulf of Martaban and adjoining Myanmar (20th -21st May, 2022)"
2022,5,UNKNOWN,9,"over Northeast Arabian Sea (16-17 July, 2022)"
2022,6,UNKNOWN,4,"over coastal Odisha (09-10 August, 2022)"
2022,7,UNKNOWN,7,OVER NORTHEAST ARABIAN SEA (12-13 AUGUST 2022)
2022,8,UNKNOWN,12,OVER NORTHWEST BAY OF BENGAL (14-16 AUGUST 2022)
2022,9,DEPRESSION,22,"DEPRESSION OVER NORTH BAY OF BENGAL (19-22 AUGUST, 2022)"
2022,10,UNKNOWN,6,OVER SOUTH COASTAL ODISHA AND NEIGHBOURHOOD (11-12 SEPTEMBER 2022)
2022,11,SITRANG,12,"“SITRANG” over Bay of Bengal during 22 - 25 October, 2022."
2022,12,UNKNOWN,0,"and adjoining southeast BoB during 20nd-22nd November, 2022"
2022,13,MANDOUS,23,"“MANDOUS” over Bay of Bengal during 6 - 10 December, 2022."
2022,14,UNKNOWN,0,"Sea during 14 - 17 December, 2022."
2022,15,UNKNOWN,0,"southwest and adjoining southeast Bay of Bengal during 22 December- 25 December, 2022 Knots: kt, 1 kt = 1.85 kmph, Time in IST= Time in UTC + 0530 hrs"
2023,1,UNKNOWN,0,"Bengal during 30 January - 02 February, 2023."
2023,2,MOCHA,35,"MOCHA over BoB during 09th – 15th May, 2023"
2023,3,BIPARJOY,95,"“BIPARJOY” over Arabian Sea during 06th – 19th June, 2023"
2023,4,UNKNOWN,13,"of Bengal during 01 August - 03 August, 2023"
2023,5,UNKNOWN,1,"Sea during 30th Sep - 01st October, 2023"
2023,6,UNKNOWN,25,"over AS during 20th – 24th October, 2023"
2023,7,HAMOON,13,"HAMOON over BoB during 21st – 25th Oct, 2023"
2023,8,UNKNOWN,3,"during 15th – 18th November, 2023"
2023,9,UNKNOWN,27,"“over BoB during 1st – 6th December, 2023"
2024,1,UNKNOWN,30,"over Bay of Bengal during 24th – 28th May, 2024"
2024,2,UNKNOWN,7,"during 19th – 20th July, 2024"
2024,3,UNKNOWN,17,"Jharkhand and neighbourhood during 02nd – 06th August, 2024"
2024,4,UNKNOWN,48,"over Land during 25th August – 02nd September, 2024"
2024,5,UNKNOWN,13,"Bay of Bengal during 31th August – 02nd September, 2024"
2024,6,UNKNOWN,13,"Westcentral and adjoining Northwest Bay of Bengal during 08th Sept – 10th Sept, 2024"
2024,7,UNKNOWN,10,"Northeast Madhya Pradesh during 11th Sept – 13th Sept, 2024"
2024,8,UNKNOWN,22,"Northeast Bay of Bengal and adjoining Bangladesh during 13th Sept – 17th Sept, 2024"
2024,9,UNKNOWN,0,"Arabian Sea during 13th Oct – 15th Oct, 2024"
2024,10,UNKNOWN,0,"Bay of Bengal during 15th Oct – 17th Oct, 2024"
2024,11,DANA,23,"“DANA” over Eastcentral Bay of Bengal during 22nd – 26th October, 2024"
2024,12,UNKNOWN,15,"Southwest Bay of Bengal during 25th November – 01st December, 2024"
2024,13,UNKNOWN,0,"Bay of Bengal during 20th – 21st December, 2024"
2025,1,UNKNOWN,5,"Eastcentral Arabian Sea and adjoining south Konkan coast during 24th May – 25th May, 2025"
2025,2,UNKNOWN,8,"Over Northwest Bay of Bengal off West Bengal-Bangladesh Coasts during 29th May – 30th May, 2025"
2025,3,UNKNOWN,0,"southeast Gangetic West Bengal and adjoining Bangladesh during 14th – 15th July, 2025"
2025,4,UNKNOWN,8,"central parts of north Rajasthan during 15th – 16th July, 2025"
2025,5,DEPRESSION,15,"Best track positions and other parameters of the Depression over Southeast Uttar Pradesh during 17th – 20th July, 2025"
2025,6,UNKNOWN,10,Bay of Bengal during 25th – 27th July 2025
2025,7,UNKNOWN,5,"northwest & adjoining westcentral Bay of Bengal and north Andhra Pradesh -south Odisha coasts during 18th August – 19th August, 2025"
2025,8,DEPRESSION,16,"Depression over Southwest Rajasthan and neighbourhood during 6th – 10th Sep, 2025"
2025,9,UNKNOWN,8,"Bay of Bengal off south Odisha-north Andhra Pradesh coasts during 26th - 28th September, 2025"
2025,10,UNKNOWN,9,"Westcentral Bay of Bengal during 01st – 03rd October, 2025"
2025,11,SHAKHTI,31,"Shakhti over Arabian Sea during 01st – 07th October, 2025"
2025,12,UNKNOWN,0,"Arabian Sea during 22nd October– 1st November, 2025"
2025,13,MONTHA,24,"“Montha” over Southeast Bay of Bengal during 25th – 30th October, 2025"
2025,14,UNKNOWN,4,Malacca 25th – 27th November 2025
2025,15,UNKNOWN,0,"over Southwest Bay of Bengal and adjoining areas of southeast Sri Lanka & Equatorial Indian Ocean during 26th November – 03rd December, 2025"
