threshold,precision,recall,f1
0.1,0.0784313725490196,1.0,0.14545454545454545
0.15000000000000002,0.0784313725490196,1.0,0.14545454545454545
0.20000000000000004,0.0784313725490196,1.0,0.14545454545454545
0.25000000000000006,0.0784313725490196,1.0,0.14545454545454545
0.30000000000000004,0.0784313725490196,1.0,0.14545454545454545
0.3500000000000001,0.0784313725490196,1.0,0.14545454545454545
0.40000000000000013,0.0784313725490196,1.0,0.14545454545454545
0.4500000000000001,0.1,1.0,0.18181818181818182
0.5000000000000001,0.13793103448275862,1.0,0.24242424242424243
0.5500000000000002,0.5,0.5,0.5
0.6000000000000002,0.0,0.0,0.0
0.6500000000000001,0.0,0.0,0.0
0.7000000000000002,0.0,0.0,0.0
0.7500000000000002,0.0,0.0,0.0
0.8000000000000003,0.0,0.0,0.0
0.8500000000000003,0.0,0.0,0.0
0.9000000000000002,0.0,0.0,0.0
0.9500000000000003,0.0,0.0,0.0
