state,coast,latitude,longitude,actual_pfz,timestamp,status,pfz_probability,pfz_present,decision_threshold,model,model_version,missing_features
KERALA,Uppala,12.479722222222222,74.40472222222223,1,2026-08-28 00:00:00,ok,0.8020452260971069,False,0.85,PFZ_XGBoost,v1,
KERALA,Koipadi,12.440277777777778,74.41222222222223,1,2026-08-28 00:00:00,ok,0.8206873536109924,False,0.85,PFZ_XGBoost,v1,
KERALA,Mogral,12.404722222222222,74.43194444444445,1,2026-08-28 00:00:00,ok,0.8485427498817444,False,0.85,PFZ_XGBoost,v1,
KERALA,Adakathbail,12.37527777777778,74.45972222222223,1,2026-08-28 00:00:00,ok,0.8514341711997986,True,0.85,PFZ_XGBoost,v1,
KERALA,Kasaragod,12.349722222222224,74.49138888888889,1,2026-08-28 00:00:00,ok,0.8514341711997986,True,0.85,PFZ_XGBoost,v1,
KERALA,ThalangarJetty,12.315555555555555,74.51277777777777,1,2026-08-28 00:00:00,ok,0.8649963140487671,True,0.85,PFZ_XGBoost,v1,
KERALA,Kotikulam,12.279722222222222,74.53111111111112,1,2026-08-28 00:00:00,ok,0.8636898994445801,True,0.85,PFZ_XGBoost,v1,
KERALA,Bekal,12.259722222222225,74.56583333333333,1,2026-08-28 00:00:00,ok,0.8670068979263306,True,0.85,PFZ_XGBoost,v1,
KERALA,Pallikere,12.23472222222222,74.59527777777777,1,2026-08-28 00:00:00,ok,0.8694742321968079,True,0.85,PFZ_XGBoost,v1,
KERALA,Chittari,12.2075,74.61472222222221,1,2026-08-28 00:00:00,ok,0.8694742321968079,True,0.85,PFZ_XGBoost,v1,
KERALA,Kunnariyam,11.891666666666666,74.78055555555555,1,2026-08-28 00:00:00,insufficient_environmental_data,,,,PFZ_XGBoost,v1,"['current_u', 'current_speed', 'current_direction_rad']"
KERALA,Kavvayi,11.877222222222224,74.81083333333333,1,2026-08-28 00:00:00,insufficient_environmental_data,,,,PFZ_XGBoost,v1,"['current_u', 'current_speed', 'current_direction_rad']"
KERALA,Kotte Kunnu,11.858055555555556,74.83833333333332,1,2026-08-28 00:00:00,insufficient_environmental_data,,,,PFZ_XGBoost,v1,"['current_u', 'current_speed', 'current_direction_rad']"
KERALA,Ettikulam,11.835,74.86277777777777,1,2026-08-28 00:00:00,insufficient_environmental_data,,,,PFZ_XGBoost,v1,"['current_u', 'current_speed', 'current_direction_rad']"
KERALA,Azhikal,11.808333333333334,74.88305555555554,1,2026-08-28 00:00:00,ok,0.9621593952178955,True,0.85,PFZ_XGBoost,v1,
KERALA,Azheecode,11.77777777777778,74.89666666666668,1,2026-08-28 00:00:00,ok,0.9621593952178955,True,0.85,PFZ_XGBoost,v1,
KERALA,AzheecodeSouth,11.744166666666668,74.89777777777779,1,2026-08-28 00:00:00,ok,0.9614128470420837,True,0.85,PFZ_XGBoost,v1,
KERALA,Kannur,11.710555555555556,74.89666666666668,1,2026-08-28 00:00:00,ok,0.9614128470420837,True,0.85,PFZ_XGBoost,v1,
KERALA,Koloth,11.678055555555554,74.90305555555557,1,2026-08-28 00:00:00,ok,0.9614128470420837,True,0.85,PFZ_XGBoost,v1,
KERALA,AyikkaraFH,11.654444444444444,74.92666666666668,1,2026-08-28 00:00:00,ok,0.9614128470420837,True,0.85,PFZ_XGBoost,v1,
KERALA,Edakkad,11.471388888888889,74.93138888888889,1,2026-08-28 00:00:00,ok,0.968559980392456,True,0.85,PFZ_XGBoost,v1,
KERALA,Muzhuppilangad,11.455555555555556,74.9563888888889,1,2026-08-28 00:00:00,ok,0.968559980392456,True,0.85,PFZ_XGBoost,v1,
KERALA,Tellicherry,11.444166666666668,74.98388888888888,1,2026-08-28 00:00:00,ok,0.968559980392456,True,0.85,PFZ_XGBoost,v1,
KERALA,NewMahe,11.441944444444443,75.01333333333334,1,2026-08-28 00:00:00,ok,0.968559980392456,True,0.85,PFZ_XGBoost,v1,
KERALA,ChombalaFH,11.441666666666666,75.04305555555555,1,2026-08-28 00:00:00,ok,0.968559980392456,True,0.85,PFZ_XGBoost,v1,
KERALA,Uralungal,11.421666666666669,75.06361111111111,1,2026-08-28 00:00:00,ok,0.968559980392456,True,0.85,PFZ_XGBoost,v1,
KERALA,Badagara,11.393888888888888,75.07416666666666,1,2026-08-28 00:00:00,ok,0.968559980392456,True,0.85,PFZ_XGBoost,v1,
KERALA,Kizhur,11.365277777777775,75.08222222222221,1,2026-08-28 00:00:00,ok,0.968559980392456,True,0.85,PFZ_XGBoost,v1,
KERALA,Moodady,11.335833333333332,75.08611111111111,1,2026-08-28 00:00:00,ok,0.968559980392456,True,0.85,PFZ_XGBoost,v1,
KERALA,Tikkoti,11.306111111111113,75.08583333333333,1,2026-08-28 00:00:00,ok,0.968559980392456,True,0.85,PFZ_XGBoost,v1,
KERALA,Thikkodi(Kodikkal),11.079444444444444,75.18083333333334,1,2026-08-28 00:00:00,ok,0.9300200939178467,True,0.85,PFZ_XGBoost,v1,
KERALA,Kadalur Pt,11.047777777777778,75.17888888888889,1,2026-08-28 00:00:00,ok,0.968559980392456,True,0.85,PFZ_XGBoost,v1,
KERALA,Calicut,11.016666666666667,75.18388888888889,1,2026-08-28 00:00:00,ok,0.968559980392456,True,0.85,PFZ_XGBoost,v1,
KERALA,BeyporeFH,10.989166666666666,75.19972222222222,1,2026-08-28 00:00:00,ok,0.968559980392456,True,0.85,PFZ_XGBoost,v1,
KERALA,Beypore,10.963333333333331,75.21805555555555,1,2026-08-28 00:00:00,ok,0.968559980392456,True,0.85,PFZ_XGBoost,v1,
KERALA,Chaliyam,10.93361111111111,75.22888888888889,1,2026-08-28 00:00:00,ok,0.968559980392456,True,0.85,PFZ_XGBoost,v1,
KERALA,Ramanattukara,10.902222222222225,75.23388888888888,1,2026-08-28 00:00:00,ok,0.968559980392456,True,0.85,PFZ_XGBoost,v1,
KERALA,Thanur,10.870555555555557,75.23416666666667,1,2026-08-28 00:00:00,ok,0.968559980392456,True,0.85,PFZ_XGBoost,v1,
KERALA,Parapanangadi,10.839166666666667,75.22916666666667,1,2026-08-28 00:00:00,ok,0.968559980392456,True,0.85,PFZ_XGBoost,v1,
KERALA,Paravannangadi,10.809722222222224,75.2175,1,2026-08-28 00:00:00,ok,0.9498085975646973,True,0.85,PFZ_XGBoost,v1,
KERALA,Ponnani,10.460277777777778,74.87416666666665,1,2026-08-28 00:00:00,ok,0.31652554869651794,False,0.85,PFZ_XGBoost,v1,
KERALA,Veliyangod,10.434722222222222,74.87972222222221,1,2026-08-28 00:00:00,ok,0.917672336101532,True,0.85,PFZ_XGBoost,v1,
KERALA,Palappetty,10.408888888888889,74.88472222222222,1,2026-08-28 00:00:00,ok,0.917672336101532,True,0.85,PFZ_XGBoost,v1,
KERALA,Mannalamkunnu,10.383055555555556,74.88833333333334,1,2026-08-28 00:00:00,ok,0.917672336101532,True,0.85,PFZ_XGBoost,v1,
KERALA,Attupuram,10.356944444444444,74.89111111111112,1,2026-08-28 00:00:00,ok,0.9222570061683655,True,0.85,PFZ_XGBoost,v1,
KERALA,Vayilattur,10.330833333333333,74.89277777777778,1,2026-08-28 00:00:00,ok,0.9222570061683655,True,0.85,PFZ_XGBoost,v1,
KERALA,Edakazhiyur,10.304444444444446,74.89333333333335,1,2026-08-28 00:00:00,insufficient_environmental_data,,,,PFZ_XGBoost,v1,"['current_u', 'current_speed', 'current_direction_rad']"
KERALA,Panchavadi,10.278333333333334,74.89277777777778,1,2026-08-28 00:00:00,insufficient_environmental_data,,,,PFZ_XGBoost,v1,"['current_u', 'current_speed', 'current_direction_rad']"
KERALA,Blangad,10.252222222222224,74.8913888888889,1,2026-08-28 00:00:00,insufficient_environmental_data,,,,PFZ_XGBoost,v1,"['current_u', 'current_speed', 'current_direction_rad']"
KERALA,Chavakkad,10.226111111111113,74.8888888888889,1,2026-08-28 00:00:00,insufficient_environmental_data,,,,PFZ_XGBoost,v1,"['current_u', 'current_speed', 'current_direction_rad']"
KERALA,Ernakulam,9.68888888888889,75.11999999999999,1,2026-08-28 00:00:00,ok,0.9552780389785767,True,0.85,PFZ_XGBoost,v1,
KERALA,Malipuram,9.646388888888888,75.13666666666667,1,2026-08-28 00:00:00,ok,0.9467185735702515,True,0.85,PFZ_XGBoost,v1,
KERALA,Thykal,9.598055555555556,75.13166666666666,1,2026-08-28 00:00:00,ok,0.9467185735702515,True,0.85,PFZ_XGBoost,v1,
KERALA,Arthunkal/Chennavely,9.549722222222222,75.13166666666666,1,2026-08-28 00:00:00,ok,0.9398654103279114,True,0.85,PFZ_XGBoost,v1,
KERALA,Chethy,9.505833333333332,75.15166666666667,1,2026-08-28 00:00:00,ok,0.9398654103279114,True,0.85,PFZ_XGBoost,v1,
KERALA,Kottamkulangara,9.466111111111111,75.17944444444444,1,2026-08-28 00:00:00,ok,0.9398654103279114,True,0.85,PFZ_XGBoost,v1,
KERALA,Pollethai,9.425555555555556,75.20583333333333,1,2026-08-28 00:00:00,ok,0.9398654103279114,True,0.85,PFZ_XGBoost,v1,
KERALA,Thumpolly,9.380277777777778,75.22333333333333,1,2026-08-28 00:00:00,ok,0.9398654103279114,True,0.85,PFZ_XGBoost,v1,
KERALA,Thazhampally,9.333055555555555,75.23388888888888,1,2026-08-28 00:00:00,ok,0.92502361536026,True,0.85,PFZ_XGBoost,v1,
KERALA,Kalarkod,9.285,75.23944444444444,1,2026-08-28 00:00:00,ok,0.9272605180740356,True,0.85,PFZ_XGBoost,v1,
KERALA,Ambalapuzha,9.0125,75.32055555555556,1,2026-08-28 00:00:00,ok,0.9149295091629028,True,0.85,PFZ_XGBoost,v1,
KERALA,Valanjavazhy,8.968055555555555,75.33444444444444,1,2026-08-28 00:00:00,ok,0.9149295091629028,True,0.85,PFZ_XGBoost,v1,
KERALA,Purakkad,8.925833333333333,75.35416666666666,1,2026-08-28 00:00:00,ok,0.9149295091629028,True,0.85,PFZ_XGBoost,v1,
KERALA,Thottappally,8.886666666666667,75.37916666666666,1,2026-08-28 00:00:00,ok,0.9250991940498352,True,0.85,PFZ_XGBoost,v1,
KERALA,Thrikunnapuzha,8.851388888888888,75.40916666666668,1,2026-08-28 00:00:00,ok,0.9190999865531921,True,0.85,PFZ_XGBoost,v1,
KERALA,Padiyamkara Tekku,8.818888888888889,75.44222222222223,1,2026-08-28 00:00:00,ok,0.9535558223724365,True,0.85,PFZ_XGBoost,v1,
KERALA,Cheriazheekal,8.798055555555555,75.61527777777778,1,2026-08-28 00:00:00,ok,0.9535558223724365,True,0.85,PFZ_XGBoost,v1,
KERALA,Ramancheri Tura,8.7925,75.48055555555555,1,2026-08-28 00:00:00,ok,0.9535558223724365,True,0.85,PFZ_XGBoost,v1,
KERALA,Alappattu,8.783333333333333,75.57138888888889,1,2026-08-28 00:00:00,ok,0.9535558223724365,True,0.85,PFZ_XGBoost,v1,
KERALA,AzheekalJetty,8.780277777777778,75.525,1,2026-08-28 00:00:00,ok,0.9535558223724365,True,0.85,PFZ_XGBoost,v1,
KERALA,Neendakara,8.703888888888889,75.96805555555555,1,2026-08-28 00:00:00,ok,0.9587357640266418,True,0.85,PFZ_XGBoost,v1,
KERALA,Thankassery F.H.,8.666111111111112,76.00138888888888,1,2026-08-28 00:00:00,ok,0.9587357640266418,True,0.85,PFZ_XGBoost,v1,
KERALA,QuilonPort,8.623611111111112,76.02805555555555,1,2026-08-28 00:00:00,ok,0.9570934176445007,True,0.85,PFZ_XGBoost,v1,
KERALA,Quilon,8.574722222222222,76.03833333333333,1,2026-08-28 00:00:00,ok,0.906906247138977,True,0.85,PFZ_XGBoost,v1,
KERALA,Wadi,8.524444444444445,76.03611111111111,1,2026-08-28 00:00:00,ok,0.906906247138977,True,0.85,PFZ_XGBoost,v1,
KERALA,Moothakara,8.474444444444444,76.03055555555555,1,2026-08-28 00:00:00,ok,0.906906247138977,True,0.85,PFZ_XGBoost,v1,
KERALA,Pallithottam,8.424166666666666,76.02888888888889,1,2026-08-28 00:00:00,ok,0.906906247138977,True,0.85,PFZ_XGBoost,v1,
KERALA,Eravipuram,8.37638888888889,76.04277777777777,1,2026-08-28 00:00:00,ok,0.906906247138977,True,0.85,PFZ_XGBoost,v1,
KERALA,Paravoor,8.340833333333334,76.07805555555555,1,2026-08-28 00:00:00,ok,0.8368259072303772,False,0.85,PFZ_XGBoost,v1,
KERALA,Edaval,8.314722222222223,76.12083333333332,1,2026-08-28 00:00:00,ok,0.8962507843971252,True,0.85,PFZ_XGBoost,v1,
MAHARASHTRA,Arnala,19.33138888888889,71.81027777777777,1,2026-08-28 00:00:00,ok,0.4427765905857086,False,0.85,PFZ_XGBoost,v1,
MAHARASHTRA,Edavan/Kore,19.320833333333333,71.83833333333332,1,2026-08-28 00:00:00,ok,0.7764328718185425,False,0.85,PFZ_XGBoost,v1,
MAHARASHTRA,Tembhi,19.303611111111113,71.86277777777777,1,2026-08-28 00:00:00,ok,0.7764328718185425,False,0.85,PFZ_XGBoost,v1,
MAHARASHTRA,Arnalapada,19.28,71.88083333333333,1,2026-08-28 00:00:00,ok,0.9262633919715881,True,0.85,PFZ_XGBoost,v1,
MAHARASHTRA,Rangaon,19.252777777777776,71.8938888888889,1,2026-08-28 00:00:00,ok,0.9262633919715881,True,0.85,PFZ_XGBoost,v1,
MAHARASHTRA,Manori,19.224444444444444,71.90277777777779,1,2026-08-28 00:00:00,ok,0.9262633919715881,True,0.85,PFZ_XGBoost,v1,
MAHARASHTRA,Uttan,19.211944444444445,72.39333333333335,1,2026-08-28 00:00:00,ok,0.7181785702705383,False,0.85,PFZ_XGBoost,v1,
MAHARASHTRA,Madh,19.19472222222222,71.90666666666667,1,2026-08-28 00:00:00,ok,0.9262633919715881,True,0.85,PFZ_XGBoost,v1,
MAHARASHTRA,Uttan(Bhatye),19.182222222222222,72.36638888888888,1,2026-08-28 00:00:00,ok,0.9027730822563171,True,0.85,PFZ_XGBoost,v1,
MAHARASHTRA,YerangalBhati,19.16472222222222,71.90583333333333,1,2026-08-28 00:00:00,ok,0.9262633919715881,True,0.85,PFZ_XGBoost,v1,
MAHARASHTRA,Marve/Malvani,19.141944444444444,72.34972222222221,1,2026-08-28 00:00:00,ok,0.9027730822563171,True,0.85,PFZ_XGBoost,v1,
MAHARASHTRA,Patwadi,19.135277777777777,71.90083333333334,1,2026-08-28 00:00:00,ok,0.9262633919715881,True,0.85,PFZ_XGBoost,v1,
MAHARASHTRA,Vesava,19.11277777777778,72.31444444444445,1,2026-08-28 00:00:00,ok,0.9149976372718811,True,0.85,PFZ_XGBoost,v1,
MAHARASHTRA,Gorai,19.10638888888889,71.89222222222223,1,2026-08-28 00:00:00,ok,0.7479240894317627,False,0.85,PFZ_XGBoost,v1,
MAHARASHTRA,Malabar Port (Mumbai),19.06861111111111,72.30416666666666,1,2026-08-28 00:00:00,ok,0.9892430305480957,True,0.85,PFZ_XGBoost,v1,
MAHARASHTRA,Worli,19.023333333333333,72.31083333333333,1,2026-08-28 00:00:00,ok,0.9894127249717712,True,0.85,PFZ_XGBoost,v1,
MAHARASHTRA,Worli-Lotus,18.989444444444445,72.34083333333332,1,2026-08-28 00:00:00,ok,0.9895222783088684,True,0.85,PFZ_XGBoost,v1,
MAHARASHTRA,Colaba Pt.(Mumbai),18.964166666666667,72.37916666666666,1,2026-08-28 00:00:00,ok,0.9370050430297852,True,0.85,PFZ_XGBoost,v1,
MAHARASHTRA,CuffPared,18.92944444444445,72.40805555555556,1,2026-08-28 00:00:00,ok,0.9370050430297852,True,0.85,PFZ_XGBoost,v1,
MAHARASHTRA,SasoonDock,18.885,72.41888888888889,1,2026-08-28 00:00:00,ok,0.9370050430297852,True,0.85,PFZ_XGBoost,v1,
MAHARASHTRA,Navgaon,18.685,72.44,1,2026-08-28 00:00:00,ok,0.9953792095184326,True,0.85,PFZ_XGBoost,v1,
MAHARASHTRA,VarsoliChalmala,18.66111111111111,72.44805555555556,1,2026-08-28 00:00:00,ok,0.9953792095184326,True,0.85,PFZ_XGBoost,v1,
MAHARASHTRA,Thal,18.636388888888888,72.45305555555557,1,2026-08-28 00:00:00,ok,0.9953792095184326,True,0.85,PFZ_XGBoost,v1,
MAHARASHTRA,Alibag,18.610833333333336,72.45416666666667,1,2026-08-28 00:00:00,ok,0.9910268187522888,True,0.85,PFZ_XGBoost,v1,
MAHARASHTRA,Nagaon,18.585833333333333,72.45027777777779,1,2026-08-28 00:00:00,ok,0.9911227226257324,True,0.85,PFZ_XGBoost,v1,
MAHARASHTRA,Revadanda,18.5625,72.4413888888889,1,2026-08-28 00:00:00,ok,0.9655399322509766,True,0.85,PFZ_XGBoost,v1,
MAHARASHTRA,Korlai,18.54111111111111,72.42777777777778,1,2026-08-28 00:00:00,ok,0.9655399322509766,True,0.85,PFZ_XGBoost,v1,
MAHARASHTRA,Borli-Mandla,18.522499999999997,72.41055555555556,1,2026-08-28 00:00:00,ok,0.9655399322509766,True,0.85,PFZ_XGBoost,v1,
MAHARASHTRA,Theronda,18.506944444444443,72.39083333333333,1,2026-08-28 00:00:00,ok,0.9655399322509766,True,0.85,PFZ_XGBoost,v1,
MAHARASHTRA,Rewdanda,18.493333333333336,72.36916666666666,1,2026-08-28 00:00:00,ok,0.9770967364311218,True,0.85,PFZ_XGBoost,v1,
MAHARASHTRA,Nanwell Pt,18.17138888888889,72.57083333333333,1,2026-08-28 00:00:00,ok,0.9536385536193848,True,0.85,PFZ_XGBoost,v1,
MAHARASHTRA,Shekhadi(Khalchi),18.13305555555556,72.57305555555556,1,2026-08-28 00:00:00,ok,0.9536385536193848,True,0.85,PFZ_XGBoost,v1,
MAHARASHTRA,Bhardkhol-Diveagar,18.095555555555553,72.57944444444443,1,2026-08-28 00:00:00,ok,0.9460784792900085,True,0.85,PFZ_XGBoost,v1,
MAHARASHTRA,Srivardhan,18.060277777777777,72.59388888888888,1,2026-08-28 00:00:00,ok,0.971129834651947,True,0.85,PFZ_XGBoost,v1,
MAHARASHTRA,Diveagar,18.02861111111111,72.61527777777778,1,2026-08-28 00:00:00,ok,0.971129834651947,True,0.85,PFZ_XGBoost,v1,
MAHARASHTRA,Bankot,17.998055555555556,72.63833333333334,1,2026-08-28 00:00:00,ok,0.9836386442184448,True,0.85,PFZ_XGBoost,v1,
MAHARASHTRA,Velas,17.96638888888889,72.65916666666668,1,2026-08-28 00:00:00,ok,0.9836386442184448,True,0.85,PFZ_XGBoost,v1,
MAHARASHTRA,Veshawi-Bankot,17.930555555555557,72.6725,1,2026-08-28 00:00:00,ok,0.9836386442184448,True,0.85,PFZ_XGBoost,v1,
MAHARASHTRA,Kelshi,17.892777777777777,72.67722222222223,1,2026-08-28 00:00:00,ok,0.9838783740997314,True,0.85,PFZ_XGBoost,v1,
MAHARASHTRA,AadeUttambar,17.854722222222225,72.67694444444444,1,2026-08-28 00:00:00,ok,0.9751585125923157,True,0.85,PFZ_XGBoost,v1,
MAHARASHTRA,HarnePort,17.66583333333333,72.33277777777778,1,2026-08-28 00:00:00,ok,0.9887611269950867,True,0.85,PFZ_XGBoost,v1,
MAHARASHTRA,Paj,17.64388888888889,72.32277777777777,1,2026-08-28 00:00:00,ok,0.9887611269950867,True,0.85,PFZ_XGBoost,v1,
MAHARASHTRA,Anjarle,17.62138888888889,72.31444444444445,1,2026-08-28 00:00:00,ok,0.9894802570343018,True,0.85,PFZ_XGBoost,v1,
MAHARASHTRA,Harne,17.598055555555554,72.30805555555555,1,2026-08-28 00:00:00,ok,0.9894802570343018,True,0.85,PFZ_XGBoost,v1,
MAHARASHTRA,Murud,17.574166666666667,72.30333333333333,1,2026-08-28 00:00:00,ok,0.949803352355957,True,0.85,PFZ_XGBoost,v1,
MAHARASHTRA,Kolthare,17.55027777777778,72.3,1,2026-08-28 00:00:00,ok,0.9486063122749329,True,0.85,PFZ_XGBoost,v1,
MAHARASHTRA,Burondi,17.52638888888889,72.29888888888888,1,2026-08-28 00:00:00,ok,0.9486063122749329,True,0.85,PFZ_XGBoost,v1,
MAHARASHTRA,Tolkeshwar Pt,17.511111111111113,72.65333333333334,1,2026-08-28 00:00:00,ok,0.992263674736023,True,0.85,PFZ_XGBoost,v1,
MAHARASHTRA,Dabhol,17.502222222222223,72.30055555555555,1,2026-08-28 00:00:00,ok,0.9486063122749329,True,0.85,PFZ_XGBoost,v1,
MAHARASHTRA,Veldur/Navanagar/Dhopave,17.478888888888886,72.30638888888889,1,2026-08-28 00:00:00,ok,0.947891354560852,True,0.85,PFZ_XGBoost,v1,
MAHARASHTRA,Anjanvel,17.475277777777777,72.64555555555556,1,2026-08-28 00:00:00,ok,0.9919553399085999,True,0.85,PFZ_XGBoost,v1,
MAHARASHTRA,Guhagar,17.456944444444442,72.31666666666666,1,2026-08-28 00:00:00,ok,0.9484081864356995,True,0.85,PFZ_XGBoost,v1,
MAHARASHTRA,Kondkarul,17.43888888888889,72.64305555555556,1,2026-08-28 00:00:00,ok,0.9919553399085999,True,0.85,PFZ_XGBoost,v1,
MAHARASHTRA,Budhal,17.402777777777775,72.64694444444446,1,2026-08-28 00:00:00,ok,0.9919553399085999,True,0.85,PFZ_XGBoost,v1,
MAHARASHTRA,Palshet,17.36777777777778,72.65777777777778,1,2026-08-28 00:00:00,ok,0.9915716648101807,True,0.85,PFZ_XGBoost,v1,
MAHARASHTRA,Jaigarh Head,17.3375,72.67777777777778,1,2026-08-28 00:00:00,ok,0.9916961789131165,True,0.85,PFZ_XGBoost,v1,
MAHARASHTRA,Welneshwar,17.305555555555557,72.69500000000001,1,2026-08-28 00:00:00,ok,0.9891259670257568,True,0.85,PFZ_XGBoost,v1,
MAHARASHTRA,SakharJaigad,17.269444444444442,72.69944444444445,1,2026-08-28 00:00:00,ok,0.9891259670257568,True,0.85,PFZ_XGBoost,v1,
MAHARASHTRA,Jaigad,17.234166666666667,72.69166666666668,1,2026-08-28 00:00:00,ok,0.9777383804321289,True,0.85,PFZ_XGBoost,v1,
MAHARASHTRA,Hedvi,17.206666666666667,72.66833333333334,1,2026-08-28 00:00:00,ok,0.9769462943077087,True,0.85,PFZ_XGBoost,v1,
MAHARASHTRA,JakiMirya,17.03888888888889,72.75833333333334,1,2026-08-28 00:00:00,ok,0.950072705745697,True,0.85,PFZ_XGBoost,v1,
MAHARASHTRA,Kharviwada,17.028055555555554,72.80555555555556,1,2026-08-28 00:00:00,ok,0.950072705745697,True,0.85,PFZ_XGBoost,v1,
MAHARASHTRA,Ratnagiri,17.004166666666666,72.84833333333333,1,2026-08-28 00:00:00,ok,0.950072705745697,True,0.85,PFZ_XGBoost,v1,
MAHARASHTRA,Mirkarwada,16.968055555555555,72.88055555555555,1,2026-08-28 00:00:00,ok,0.8937007784843445,True,0.85,PFZ_XGBoost,v1,
MAHARASHTRA,Purnagad,16.923333333333336,72.9,1,2026-08-28 00:00:00,ok,0.8937007784843445,True,0.85,PFZ_XGBoost,v1,
MAHARASHTRA,Phansop,16.875,72.89777777777779,1,2026-08-28 00:00:00,ok,0.8937007784843445,True,0.85,PFZ_XGBoost,v1,
MAHARASHTRA,Purangad,16.828611111111112,72.88194444444444,1,2026-08-28 00:00:00,ok,0.9389505982398987,True,0.85,PFZ_XGBoost,v1,
MAHARASHTRA,Bokarwadi,16.78666666666667,72.85722222222222,1,2026-08-28 00:00:00,ok,0.9770622253417969,True,0.85,PFZ_XGBoost,v1,
MAHARASHTRA,Sakhri-Natye,16.759722222222223,72.81694444444445,1,2026-08-28 00:00:00,ok,0.9770622253417969,True,0.85,PFZ_XGBoost,v1,
MAHARASHTRA,Wada Vetye,16.72222222222222,72.78833333333333,1,2026-08-28 00:00:00,ok,0.9770622253417969,True,0.85,PFZ_XGBoost,v1,
MAHARASHTRA,Wagapur Pt,16.5025,72.67027777777778,1,2026-08-28 00:00:00,ok,0.9500395655632019,True,0.85,PFZ_XGBoost,v1,
MAHARASHTRA,Vijaydurg,16.476388888888888,72.65138888888889,1,2026-08-28 00:00:00,ok,0.9500395655632019,True,0.85,PFZ_XGBoost,v1,
MAHARASHTRA,Vijayadurg Hr,16.458055555555553,72.62444444444444,1,2026-08-28 00:00:00,ok,0.9689480662345886,True,0.85,PFZ_XGBoost,v1,
MAHARASHTRA,Ambolgad,16.435277777777777,72.60138888888888,1,2026-08-28 00:00:00,ok,0.9689480662345886,True,0.85,PFZ_XGBoost,v1,
MAHARASHTRA,Kalamaiwadi,16.409444444444443,72.58138888888888,1,2026-08-28 00:00:00,ok,0.9689480662345886,True,0.85,PFZ_XGBoost,v1,
MAHARASHTRA,Jambhari,16.384166666666665,72.56083333333333,1,2026-08-28 00:00:00,ok,0.9689480662345886,True,0.85,PFZ_XGBoost,v1,
MAHARASHTRA,Devgarh,16.361111111111114,72.53777777777778,1,2026-08-28 00:00:00,ok,0.9728782773017883,True,0.85,PFZ_XGBoost,v1,
MAHARASHTRA,Anandwadi(Devgad),16.339166666666664,72.51361111111112,1,2026-08-28 00:00:00,ok,0.9728782773017883,True,0.85,PFZ_XGBoost,v1,
MAHARASHTRA,Mithmumbri/Taramumbari,16.319444444444443,72.48777777777778,1,2026-08-28 00:00:00,ok,0.9717200994491577,True,0.85,PFZ_XGBoost,v1,
MAHARASHTRA,Kunkeshwar,16.303611111111113,72.45916666666668,1,2026-08-28 00:00:00,ok,0.9720682501792908,True,0.85,PFZ_XGBoost,v1,
MAHARASHTRA,Dhurivada,16.019166666666667,72.94944444444445,1,2026-08-28 00:00:00,ok,0.9429047703742981,True,0.85,PFZ_XGBoost,v1,
MAHARASHTRA,Talashil,16.0175,72.98527777777778,1,2026-08-28 00:00:00,ok,0.9429047703742981,True,0.85,PFZ_XGBoost,v1,
MAHARASHTRA,Sindhudurg (Malvan),16.013333333333332,72.91416666666667,1,2026-08-28 00:00:00,ok,0.9429047703742981,True,0.85,PFZ_XGBoost,v1,
MAHARASHTRA,Sarjekot,16.0075,73.01944444444445,1,2026-08-28 00:00:00,ok,0.93687903881073,True,0.85,PFZ_XGBoost,v1,
MAHARASHTRA,Sarjekot-MiryaBandh,15.99111111111111,73.05111111111111,1,2026-08-28 00:00:00,ok,0.93687903881073,True,0.85,PFZ_XGBoost,v1,
MAHARASHTRA,Wayri,15.9675,73.07777777777777,1,2026-08-28 00:00:00,ok,0.93687903881073,True,0.85,PFZ_XGBoost,v1,
MAHARASHTRA,Tarkarli/Kalethar,15.935,73.09194444444444,1,2026-08-28 00:00:00,ok,0.93687903881073,True,0.85,PFZ_XGBoost,v1,
MAHARASHTRA,Deobag,15.899444444444445,73.09527777777777,1,2026-08-28 00:00:00,ok,0.933454692363739,True,0.85,PFZ_XGBoost,v1,
MAHARASHTRA,Kochara-Nivati,15.864722222222222,73.08805555555556,1,2026-08-28 00:00:00,ok,0.9363864660263062,True,0.85,PFZ_XGBoost,v1,
MAHARASHTRA,Khavana,15.838333333333336,73.06444444444445,1,2026-08-28 00:00:00,ok,0.9346529245376587,True,0.85,PFZ_XGBoost,v1,
