feature,stage1_importance,stage2_importance,combined_importance
cyclone_category_rank,0.03629112,0.53590375,0.28609744
cyclone_wind_kt,0.02234241,0.3406268,0.18148461
distance_km_capped,0.2536819,0.0001528869,0.12691739
distance_inverse,0.11510396,0.00010693762,0.05760545
wind_speed_10m,0.07536502,0.0033177813,0.0393414
cyclone_pressure_hpa,0.024912057,0.04792983,0.036420945
cos_month,0.06784559,0.002900882,0.035373237
cyclone_distance_km,0.058015026,0.000118916294,0.02906697
sin_month,0.026378704,0.02385604,0.025117371
month,0.029233104,0.0017850503,0.015509077
longitude,0.025156472,0.0017392931,0.013447883
category_wind_interaction,0.012706073,0.011182015,0.011944044
hour,0.015932498,0.006121404,0.0110269515
u10,0.018539693,0.0011683592,0.009854026
latitude,0.017575014,0.0010288628,0.009301938
v10,0.017581943,0.0006707903,0.009126367
storm_severity_index,0.017138151,9.815213e-05,0.008618152
cyclone_pressure_change_6h,0.016800115,0.000115150484,0.008457633
msl,0.0139872255,0.002306359,0.008146793
t2m,0.010533442,0.004514508,0.007523975
cyclone_pressure_drop_hpa,0.012832914,0.0014437919,0.007138353
intensification_signal,0.014101841,9.695538e-07,0.007051405
cyclone_motion_direction,0.01263937,4.154245e-05,0.006340456
cyclone_wind_change_6h,0.011555142,0.000100302495,0.005827722
cyclone_motion_speed_kmh,0.010444661,8.5039275e-05,0.00526485
cos_hour,0.0054719686,0.004179574,0.0048257713
pressure_distance_interaction,0.007923056,7.144733e-05,0.003997252
tp,0.005948357,0.0017702634,0.0038593102
distance_band_300km,0.007401469,0.0,0.0037007346
sin_hour,0.003578148,0.0026712734,0.0031247106
cyclone_active,0.006246797,0.0,0.0031233984
wind_distance_interaction,0.0047947527,9.625656e-05,0.0024455045
pressure_gradient,0.004314648,0.00039257781,0.0023536128
category_distance_interaction,0.0045483806,8.256323e-06,0.0022783184
temperature_gradient,0.0019767669,0.0015731408,0.0017749539
pressure_delta_3h,0.0024040914,0.0010005815,0.0017023365
wind_gradient,0.0031393927,0.00024269366,0.0016910431
wind_delta_3h,0.001978809,0.000358932,0.0011688705
wind_local_anomaly,0.0020907302,1.9922654e-05,0.0010553264
distance_band_500km,0.0011860654,0.0,0.0005930327
pressure_local_anomaly,0.00030317507,0.00029965845,0.00030141676
distance_band_100km,0.0,0.0,0.0
distance_band_200km,0.0,0.0,0.0
