product,file,time,variable,dimensions,shape,units,total_values,finite_values,missing_values,missing_percent,min,max,mean,p01,p50,p99
Physics,Datasets/raw/Copernicus/Physics/cmems_mod_glo_phy_my_0.083deg_P1D-m_20260623.nc,2026-06-23T00:00:00.000000000,bottomT,"('time', 'latitude', 'longitude')","(1, 2041, 4320)",degrees_C,8817120,6146048,2671072,30.294155007530804,-2.99853515625,37.730491638183594,1.8226587772369385,-1.2999969720840454,1.0006103515625,26.927671432495117
Physics,Datasets/raw/Copernicus/Physics/cmems_mod_glo_phy_my_0.083deg_P1D-m_20260623.nc,2026-06-23T00:00:00.000000000,mlotst,"('time', 'latitude', 'longitude')","(1, 2041, 4320)",m,8817120,6146048,2671072,30.294155007530804,0.0,713.0650024414062,48.143367767333984,10.376294136047363,28.992586135864258,202.41860961914062
Physics,Datasets/raw/Copernicus/Physics/cmems_mod_glo_phy_my_0.083deg_P1D-m_20260623.nc,2026-06-23T00:00:00.000000000,siconc,"('time', 'latitude', 'longitude')","(1, 2041, 4320)",1,8817120,1310343,7506777,85.13865071588002,0.0,1.0493789911270142,0.7355232834815979,7.629627361893654e-05,0.8732108473777771,0.9936063885688782
Physics,Datasets/raw/Copernicus/Physics/cmems_mod_glo_phy_my_0.083deg_P1D-m_20260623.nc,2026-06-23T00:00:00.000000000,sithick,"('time', 'latitude', 'longitude')","(1, 2041, 4320)",m,8817120,1310345,7506775,85.1386280327363,0.0,3.7507247924804688,1.2042723894119263,0.0,1.1894588470458984,2.3400068283081055
Physics,Datasets/raw/Copernicus/Physics/cmems_mod_glo_phy_my_0.083deg_P1D-m_20260623.nc,2026-06-23T00:00:00.000000000,so,"('time', 'depth', 'latitude', 'longitude')","(1, 1, 2041, 4320)",1e-3,8817120,6146048,2671072,30.294155007530804,0.0015259254723787308,42.50923156738281,33.93344497680664,24.506362915039062,34.30585479736328,37.39432907104492
Physics,Datasets/raw/Copernicus/Physics/cmems_mod_glo_phy_my_0.083deg_P1D-m_20260623.nc,2026-06-23T00:00:00.000000000,thetao,"('time', 'depth', 'latitude', 'longitude')","(1, 1, 2041, 4320)",degrees_C,8817120,6146048,2671072,30.294155007530804,-2.7304604053497314,34.58610916137695,14.388859748840332,-1.8910794258117676,15.513992309570312,30.54008674621582
Physics,Datasets/raw/Copernicus/Physics/cmems_mod_glo_phy_my_0.083deg_P1D-m_20260623.nc,2026-06-23T00:00:00.000000000,uo,"('time', 'depth', 'latitude', 'longitude')","(1, 1, 2041, 4320)",m s-1,8817120,6145586,2671534,30.29939481372602,-1.955626130104065,2.553178548812866,0.01280348189175129,-0.504165768623352,0.007324442267417908,0.6091494560241699
Physics,Datasets/raw/Copernicus/Physics/cmems_mod_glo_phy_my_0.083deg_P1D-m_20260623.nc,2026-06-23T00:00:00.000000000,usi,"('time', 'latitude', 'longitude')","(1, 2041, 4320)",m s-1,8817120,1154419,7662701,86.90707396519498,-0.5688344836235046,0.9883724451065063,0.03323005884885788,-0.2681606709957123,0.03405865654349327,0.29151278734207153
Physics,Datasets/raw/Copernicus/Physics/cmems_mod_glo_phy_my_0.083deg_P1D-m_20260623.nc,2026-06-23T00:00:00.000000000,vo,"('time', 'depth', 'latitude', 'longitude')","(1, 1, 2041, 4320)",m s-1,8817120,6145586,2671534,30.29939481372602,-2.4311044216156006,2.1198155879974365,0.005613978486508131,-0.3888058066368103,0.0,0.4382458031177521
Physics,Datasets/raw/Copernicus/Physics/cmems_mod_glo_phy_my_0.083deg_P1D-m_20260623.nc,2026-06-23T00:00:00.000000000,vsi,"('time', 'latitude', 'longitude')","(1, 2041, 4320)",m s-1,8817120,1154424,7662696,86.90701725733572,-0.7977538108825684,0.7013458609580994,0.0019324859604239464,-0.2210150510072708,-0.0032959990203380585,0.23337504267692566
Physics,Datasets/raw/Copernicus/Physics/cmems_mod_glo_phy_my_0.083deg_P1D-m_20260623.nc,2026-06-23T00:00:00.000000000,zos,"('time', 'latitude', 'longitude')","(1, 2041, 4320)",m,8817120,6146048,2671072,30.294155007530804,-1.9965208768844604,1.6983550786972046,-0.11344883590936661,-1.8567460775375366,0.07507553696632385,0.9894101023674011
Currents,Datasets/raw/Copernicus/Currents/cmems_obs-mob_glo_phy-cur_my_0.25deg_PT1H-i_20260331.nc,2026-03-31T23:00:00.000000000,ue,"('time', 'depth', 'latitude', 'longitude')","(1, 1, 720, 1440)",m/s,1036800,563665,473135,45.634162808641975,-0.5600000023841858,0.5070000290870667,-0.014588973484933376,-0.24500000476837158,-0.017999999225139618,0.2529999911785126
Currents,Datasets/raw/Copernicus/Currents/cmems_obs-mob_glo_phy-cur_my_0.25deg_PT1H-i_20260331.nc,2026-03-31T23:00:00.000000000,uo,"('time', 'depth', 'latitude', 'longitude')","(1, 1, 720, 1440)",m/s,1036800,562221,474579,45.7734375,-2.7669999599456787,2.0230000019073486,0.005024478305131197,-0.531000018119812,0.0020000000949949026,0.6100000143051147
Currents,Datasets/raw/Copernicus/Currents/cmems_obs-mob_glo_phy-cur_my_0.25deg_PT1H-i_20260331.nc,2026-03-31T23:00:00.000000000,utide,"('time', 'latitude', 'longitude')","(1, 720, 1440)",m/s,1036800,562221,474579,45.7734375,-2.2960000038146973,1.4299999475479126,0.00019821934984065592,-0.15199999511241913,0.003000000026077032,0.09200000017881393
Currents,Datasets/raw/Copernicus/Currents/cmems_obs-mob_glo_phy-cur_my_0.25deg_PT1H-i_20260331.nc,2026-03-31T23:00:00.000000000,ve,"('time', 'depth', 'latitude', 'longitude')","(1, 1, 720, 1440)",m/s,1036800,563665,473135,45.634162808641975,-0.42500001192092896,0.5320000052452087,0.006137189920991659,-0.20600000023841858,0.003000000026077032,0.25200000405311584
Currents,Datasets/raw/Copernicus/Currents/cmems_obs-mob_glo_phy-cur_my_0.25deg_PT1H-i_20260331.nc,2026-03-31T23:00:00.000000000,vo,"('time', 'depth', 'latitude', 'longitude')","(1, 1, 720, 1440)",m/s,1036800,562221,474579,45.7734375,-2.1659998893737793,1.722000002861023,0.007763666566461325,-0.46299999952316284,0.004999999888241291,0.48100000619888306
Currents,Datasets/raw/Copernicus/Currents/cmems_obs-mob_glo_phy-cur_my_0.25deg_PT1H-i_20260331.nc,2026-03-31T23:00:00.000000000,vtide,"('time', 'latitude', 'longitude')","(1, 720, 1440)",m/s,1036800,562221,474579,45.7734375,-1.6890000104904175,1.430999994277954,0.0015483609167858958,-0.11900000274181366,0.0010000000474974513,0.12300000339746475
Wave,Datasets/raw/Copernicus/Wave/cmems_mod_glo_wav_my_0.2deg_PT3H-i_20260531.nc,2026-05-31T21:00:00.000000000,VHM0,"('time', 'latitude', 'longitude')","(1, 899, 1800)",m,1618200,876683,741517,45.82356939809665,0.0,12.09000015258789,2.6084799766540527,0.17000000178813934,2.2799999713897705,7.369999885559082
Wave,Datasets/raw/Copernicus/Wave/cmems_mod_glo_wav_my_0.2deg_PT3H-i_20260531.nc,2026-05-31T21:00:00.000000000,VHM0_SW1,"('time', 'latitude', 'longitude')","(1, 899, 1800)",m,1618200,876683,741517,45.82356939809665,0.0,7.28000020980835,1.8649901151657104,0.09000000357627869,1.6399999856948853,5.570000171661377
Wave,Datasets/raw/Copernicus/Wave/cmems_mod_glo_wav_my_0.2deg_PT3H-i_20260531.nc,2026-05-31T21:00:00.000000000,VHM0_SW2,"('time', 'latitude', 'longitude')","(1, 899, 1800)",m,1618200,876683,741517,45.82356939809665,0.0,4.199999809265137,0.7825275659561157,0.0,0.699999988079071,2.5299999713897705
Wave,Datasets/raw/Copernicus/Wave/cmems_mod_glo_wav_my_0.2deg_PT3H-i_20260531.nc,2026-05-31T21:00:00.000000000,VHM0_WW,"('time', 'latitude', 'longitude')","(1, 899, 1800)",m,1618200,876683,741517,45.82356939809665,0.0,11.949999809265137,1.0416449308395386,0.0,0.6100000143051147,5.739999771118164
Wave,Datasets/raw/Copernicus/Wave/cmems_mod_glo_wav_my_0.2deg_PT3H-i_20260531.nc,2026-05-31T21:00:00.000000000,VMDR,"('time', 'latitude', 'longitude')","(1, 899, 1800)",degree,1618200,876683,741517,45.82356939809665,0.0,360.0,193.06539916992188,8.920000076293945,202.02000427246094,351.44000244140625
Wave,Datasets/raw/Copernicus/Wave/cmems_mod_glo_wav_my_0.2deg_PT3H-i_20260531.nc,2026-05-31T21:00:00.000000000,VMDR_SW1,"('time', 'latitude', 'longitude')","(1, 899, 1800)",degree,1618200,876683,741517,45.82356939809665,0.0,360.0,197.66419982910156,7.619999885559082,209.19000244140625,353.04998779296875
Wave,Datasets/raw/Copernicus/Wave/cmems_mod_glo_wav_my_0.2deg_PT3H-i_20260531.nc,2026-05-31T21:00:00.000000000,VMDR_SW2,"('time', 'latitude', 'longitude')","(1, 899, 1800)",degree,1618200,876683,741517,45.82356939809665,0.0,360.0,178.24615478515625,3.5999999046325684,178.5500030517578,356.3299865722656
Wave,Datasets/raw/Copernicus/Wave/cmems_mod_glo_wav_my_0.2deg_PT3H-i_20260531.nc,2026-05-31T21:00:00.000000000,VMDR_WW,"('time', 'latitude', 'longitude')","(1, 899, 1800)",degree,1618200,876683,741517,45.82356939809665,0.0,360.0,175.1058807373047,6.78000020980835,166.72999572753906,352.82000732421875
Wave,Datasets/raw/Copernicus/Wave/cmems_mod_glo_wav_my_0.2deg_PT3H-i_20260531.nc,2026-05-31T21:00:00.000000000,VPED,"('time', 'latitude', 'longitude')","(1, 899, 1800)",degree,1618200,876683,741517,45.82356939809665,7.5,352.5,200.32366943359375,7.5,213.10000610351562,352.5
Wave,Datasets/raw/Copernicus/Wave/cmems_mod_glo_wav_my_0.2deg_PT3H-i_20260531.nc,2026-05-31T21:00:00.000000000,VSDX,"('time', 'latitude', 'longitude')","(1, 899, 1800)",m s-1,1618200,876683,741517,45.82356939809665,-0.3700000047683716,0.699999988079071,0.013823513872921467,-0.15000000596046448,0.0,0.25
Wave,Datasets/raw/Copernicus/Wave/cmems_mod_glo_wav_my_0.2deg_PT3H-i_20260531.nc,2026-05-31T21:00:00.000000000,VSDY,"('time', 'latitude', 'longitude')","(1, 899, 1800)",m s-1,1618200,876683,741517,45.82356939809665,-0.33000001311302185,0.44999998807907104,0.007759315427392721,-0.18000000715255737,0.009999999776482582,0.17000000178813934
Wave,Datasets/raw/Copernicus/Wave/cmems_mod_glo_wav_my_0.2deg_PT3H-i_20260531.nc,2026-05-31T21:00:00.000000000,VTM01_SW1,"('time', 'latitude', 'longitude')","(1, 899, 1800)",s,1618200,876683,741517,45.82356939809665,1.399999976158142,22.610000610351562,9.787121772766113,3.049999952316284,9.4399995803833,17.1299991607666
Wave,Datasets/raw/Copernicus/Wave/cmems_mod_glo_wav_my_0.2deg_PT3H-i_20260531.nc,2026-05-31T21:00:00.000000000,VTM01_SW2,"('time', 'latitude', 'longitude')","(1, 899, 1800)",s,1618200,876683,741517,45.82356939809665,0.0,28.56999969482422,10.310919761657715,1.190000057220459,9.850000381469727,20.90999984741211
Wave,Datasets/raw/Copernicus/Wave/cmems_mod_glo_wav_my_0.2deg_PT3H-i_20260531.nc,2026-05-31T21:00:00.000000000,VTM01_WW,"('time', 'latitude', 'longitude')","(1, 899, 1800)",s,1618200,876683,741517,45.82356939809665,0.0,11.720000267028809,3.3737387657165527,0.0,3.069999933242798,9.149999618530273
Wave,Datasets/raw/Copernicus/Wave/cmems_mod_glo_wav_my_0.2deg_PT3H-i_20260531.nc,2026-05-31T21:00:00.000000000,VTM02,"('time', 'latitude', 'longitude')","(1, 899, 1800)",s,1618200,876683,741517,45.82356939809665,1.3799999952316284,13.760000228881836,6.7711567878723145,2.3299999237060547,6.71999979019165,11.510000228881836
Wave,Datasets/raw/Copernicus/Wave/cmems_mod_glo_wav_my_0.2deg_PT3H-i_20260531.nc,2026-05-31T21:00:00.000000000,VTM10,"('time', 'latitude', 'longitude')","(1, 899, 1800)",s,1618200,876683,741517,45.82356939809665,1.5800000429153442,17.020000457763672,9.416175842285156,3.0199999809265137,9.420000076293945,15.239999771118164
Wave,Datasets/raw/Copernicus/Wave/cmems_mod_glo_wav_my_0.2deg_PT3H-i_20260531.nc,2026-05-31T21:00:00.000000000,VTPK,"('time', 'latitude', 'longitude')","(1, 899, 1800)",s,1618200,876683,741517,45.82356939809665,1.7999999523162842,23.399999618530273,11.256595611572266,3.109999895095825,10.9399995803833,19.270000457763672
CHL,Datasets/raw/Copernicus/CHL/cmems_obs-oc_glo_bgc-optics_my_l3-multi-4km_P1D_20260831.nc,2026-08-31T00:00:00.000000000,BBP,"('time', 'latitude', 'longitude')","(1, 4320, 8640)",m-1,37324800,6946802,30377998,81.38824052640604,0.00010000107431551442,0.09999193251132965,0.0020193392410874367,0.0001331633102381602,0.0011855836492031813,0.022015584632754326
CHL,Datasets/raw/Copernicus/CHL/cmems_obs-oc_glo_bgc-optics_my_l3-multi-4km_P1D_20260831.nc,2026-08-31T00:00:00.000000000,BBP_uncertainty,"('time', 'latitude', 'longitude')","(1, 4320, 8640)",%,37324800,6946802,30377998,81.38824052640604,8.720000267028809,43.66999816894531,32.798118591308594,12.479999542236328,40.0,40.0
CHL,Datasets/raw/Copernicus/CHL/cmems_obs-oc_glo_bgc-optics_my_l3-multi-4km_P1D_20260831.nc,2026-08-31T00:00:00.000000000,CDM,"('time', 'latitude', 'longitude')","(1, 4320, 8640)",m-1,37324800,7201716,30123084,80.70527906378601,0.0010000001639127731,4.998817443847656,0.02387026511132717,0.0011162417940795422,0.005860104225575924,0.33753833174705505
CHL,Datasets/raw/Copernicus/CHL/cmems_obs-oc_glo_bgc-optics_my_l3-multi-4km_P1D_20260831.nc,2026-08-31T00:00:00.000000000,CDM_uncertainty,"('time', 'latitude', 'longitude')","(1, 4320, 8640)",%,37324800,7201716,30123084,80.70527906378601,30.599998474121094,60.0,54.809425354003906,33.23999786376953,60.0,60.0
CHL,Datasets/raw/Copernicus/CHL/cmems_obs-oc_glo_bgc-optics_my_l3-multi-4km_P1D_20260831.nc,2026-08-31T00:00:00.000000000,flags,"('time', 'latitude', 'longitude')","(1, 4320, 8640)",,37324800,37324800,0,0.0,0.0,1.0,0.32603853940963745,0.0,0.0,1.0
