state,coast,direction,bearing_deg,distance_min_km,distance_max_km,distance_mid_km,depth_min_m,depth_max_m,depth_mid_m,latitude,longitude,valid_from,valid_to
KERALA,Uppala,SW,248,56.0,61.0,58.5,95.0,100.0,97.5,12.479722222222222,74.40472222222223,2026-08-28,2026-08-29
KERALA,Koipadi,SW,253,57.0,62.0,59.5,95.0,100.0,97.5,12.440277777777778,74.41222222222223,2026-08-28,2026-08-29
KERALA,Mogral,SW,252,56.0,61.0,58.5,91.0,96.0,93.5,12.404722222222222,74.43194444444445,2026-08-28,2026-08-29
KERALA,Adakathbail,SW,254,55.0,60.0,57.5,92.0,97.0,94.5,12.375277777777779,74.45972222222223,2026-08-28,2026-08-29
KERALA,Kasaragod,SW,252,53.0,58.0,55.5,78.0,83.0,80.5,12.349722222222223,74.49138888888889,2026-08-28,2026-08-29
KERALA,ThalangarJetty,SW,250,53.0,58.0,55.5,73.0,78.0,75.5,12.315555555555557,74.51277777777777,2026-08-28,2026-08-29
KERALA,Kotikulam,SW,253,52.0,57.0,54.5,79.0,84.0,81.5,12.279722222222222,74.53111111111112,2026-08-28,2026-08-29
KERALA,Bekal,SW,253,50.0,55.0,52.5,86.0,91.0,88.5,12.259722222222223,74.56583333333333,2026-08-28,2026-08-29
KERALA,Pallikere,SW,251,49.0,54.0,51.5,81.0,86.0,83.5,12.23472222222222,74.59527777777777,2026-08-28,2026-08-29
KERALA,Chittari,SW,251,49.0,54.0,51.5,73.0,78.0,75.5,12.2075,74.61472222222221,2026-08-28,2026-08-29
KERALA,Kunnariyam,SW,250,45.0,50.0,47.5,66.0,71.0,68.5,11.891666666666666,74.78055555555555,2026-08-28,2026-08-29
KERALA,Kavvayi,SW,239,43.0,48.0,45.5,70.0,75.0,72.5,11.877222222222223,74.81083333333333,2026-08-28,2026-08-29
KERALA,Kotte Kunnu,SW,248,41.0,46.0,43.5,67.0,72.0,69.5,11.858055555555556,74.83833333333332,2026-08-28,2026-08-29
KERALA,Ettikulam,SW,243,40.0,45.0,42.5,58.0,63.0,60.5,11.835,74.86277777777777,2026-08-28,2026-08-29
KERALA,Azhikal,SW,251,45.0,50.0,47.5,58.0,63.0,60.5,11.808333333333334,74.88305555555554,2026-08-28,2026-08-29
KERALA,Azheecode,SW,250,46.0,51.0,48.5,52.0,57.0,54.5,11.777777777777779,74.89666666666668,2026-08-28,2026-08-29
KERALA,AzheecodeSouth,SW,248,47.0,52.0,49.5,53.0,58.0,55.5,11.744166666666667,74.89777777777779,2026-08-28,2026-08-29
KERALA,Kannur,SW,250,50.0,55.0,52.5,49.0,54.0,51.5,11.710555555555555,74.89666666666668,2026-08-28,2026-08-29
KERALA,Koloth,SW,235,52.0,57.0,54.5,49.0,54.0,51.5,11.678055555555554,74.90305555555557,2026-08-28,2026-08-29
KERALA,AyikkaraFH,SW,245,51.0,56.0,53.5,57.0,62.0,59.5,11.654444444444445,74.92666666666668,2026-08-28,2026-08-29
KERALA,Edakkad,SW,236,63.0,68.0,65.5,50.0,55.0,52.5,11.471388888888889,74.93138888888889,2026-08-28,2026-08-29
KERALA,Muzhuppilangad,SW,234,62.0,67.0,64.5,82.0,87.0,84.5,11.455555555555556,74.9563888888889,2026-08-28,2026-08-29
KERALA,Tellicherry,SW,239,62.0,67.0,64.5,77.0,82.0,79.5,11.444166666666668,74.98388888888888,2026-08-28,2026-08-29
KERALA,NewMahe,SW,239,60.0,65.0,62.5,57.0,62.0,59.5,11.441944444444445,75.01333333333334,2026-08-28,2026-08-29
KERALA,ChombalaFH,SW,246,58.0,63.0,60.5,52.0,57.0,54.5,11.441666666666666,75.04305555555555,2026-08-28,2026-08-29
KERALA,Uralungal,SW,246,57.0,62.0,59.5,50.0,55.0,52.5,11.421666666666667,75.06361111111111,2026-08-28,2026-08-29
KERALA,Badagara,SW,248,57.0,62.0,59.5,52.0,57.0,54.5,11.393888888888888,75.07416666666666,2026-08-28,2026-08-29
KERALA,Kizhur,SW,253,57.0,62.0,59.5,57.0,62.0,59.5,11.365277777777777,75.08222222222221,2026-08-28,2026-08-29
KERALA,Moodady,SW,254,58.0,63.0,60.5,60.0,65.0,62.5,11.335833333333333,75.08611111111111,2026-08-28,2026-08-29
KERALA,Tikkoti,SW,251,59.0,64.0,61.5,66.0,71.0,68.5,11.306111111111111,75.08583333333333,2026-08-28,2026-08-29
KERALA,Thikkodi(Kodikkal),SW,228,62.0,67.0,64.5,73.0,78.0,75.5,11.079444444444444,75.18083333333334,2026-08-28,2026-08-29
KERALA,Kadalur Pt,SW,227,65.0,70.0,67.5,90.0,95.0,92.5,11.047777777777778,75.17888888888889,2026-08-28,2026-08-29
KERALA,Calicut,SW,247,66.0,71.0,68.5,97.0,102.0,99.5,11.016666666666667,75.18388888888889,2026-08-28,2026-08-29
KERALA,BeyporeFH,SW,252,66.0,71.0,68.5,89.0,94.0,91.5,10.989166666666666,75.19972222222222,2026-08-28,2026-08-29
KERALA,Beypore,SW,252,65.0,70.0,67.5,87.0,92.0,89.5,10.963333333333333,75.21805555555555,2026-08-28,2026-08-29
KERALA,Chaliyam,SW,248,65.0,70.0,67.5,97.0,102.0,99.5,10.93361111111111,75.22888888888889,2026-08-28,2026-08-29
KERALA,Ramanattukara,SW,247,66.0,71.0,68.5,115.0,120.0,117.5,10.902222222222223,75.23388888888888,2026-08-28,2026-08-29
KERALA,Thanur,SW,259,67.0,72.0,69.5,138.0,143.0,140.5,10.870555555555557,75.23416666666667,2026-08-28,2026-08-29
KERALA,Parapanangadi,SW,251,69.0,74.0,71.5,244.0,249.0,246.5,10.839166666666667,75.22916666666667,2026-08-28,2026-08-29
KERALA,Paravannangadi,SW,262,71.0,76.0,73.5,420.0,425.0,422.5,10.809722222222224,75.2175,2026-08-28,2026-08-29
KERALA,Ponnani,SW,253,116.0,121.0,118.5,2102.0,2107.0,2104.5,10.460277777777778,74.87416666666665,2026-08-28,2026-08-29
KERALA,Veliyangod,SW,254,117.0,122.0,119.5,2117.0,2122.0,2119.5,10.434722222222222,74.87972222222221,2026-08-28,2026-08-29
KERALA,Palappetty,SW,254,117.0,122.0,119.5,2118.0,2123.0,2120.5,10.408888888888889,74.88472222222222,2026-08-28,2026-08-29
KERALA,Mannalamkunnu,SW,255,118.0,123.0,120.5,2079.0,2084.0,2081.5,10.383055555555556,74.88833333333334,2026-08-28,2026-08-29
KERALA,Attupuram,SW,254,119.0,124.0,121.5,2062.0,2067.0,2064.5,10.356944444444444,74.89111111111112,2026-08-28,2026-08-29
KERALA,Vayilattur,SW,254,120.0,125.0,122.5,2071.0,2076.0,2073.5,10.330833333333333,74.89277777777778,2026-08-28,2026-08-29
KERALA,Edakazhiyur,SW,253,121.0,126.0,123.5,2114.0,2119.0,2116.5,10.304444444444446,74.89333333333335,2026-08-28,2026-08-29
KERALA,Panchavadi,SW,252,122.0,127.0,124.5,2170.0,2175.0,2172.5,10.278333333333334,74.89277777777778,2026-08-28,2026-08-29
KERALA,Blangad,SW,254,124.0,129.0,126.5,2229.0,2234.0,2231.5,10.252222222222223,74.8913888888889,2026-08-28,2026-08-29
KERALA,Chavakkad,SW,254,125.0,130.0,127.5,2233.0,2238.0,2235.5,10.226111111111111,74.8888888888889,2026-08-28,2026-08-29
KERALA,Ernakulam,SW,254,121.0,126.0,123.5,2389.0,2394.0,2391.5,9.68888888888889,75.11999999999999,2026-08-28,2026-08-29
KERALA,Malipuram,SW,251,121.0,126.0,123.5,2422.0,2427.0,2424.5,9.646388888888888,75.13666666666667,2026-08-28,2026-08-29
KERALA,Thykal,SW,266,123.0,128.0,125.5,2448.0,2453.0,2450.5,9.598055555555556,75.13166666666666,2026-08-28,2026-08-29
KERALA,Arthunkal/Chennavely,SW,264,124.0,129.0,126.5,2483.0,2488.0,2485.5,9.549722222222222,75.13166666666666,2026-08-28,2026-08-29
KERALA,Chethy,SW,264,122.0,127.0,124.5,2379.0,2384.0,2381.5,9.505833333333333,75.15166666666667,2026-08-28,2026-08-29
KERALA,Kottamkulangara,SW,264,120.0,125.0,122.5,2218.0,2223.0,2220.5,9.466111111111111,75.17944444444444,2026-08-28,2026-08-29
KERALA,Pollethai,SW,262,118.0,123.0,120.5,2174.0,2179.0,2176.5,9.425555555555555,75.20583333333333,2026-08-28,2026-08-29
KERALA,Thumpolly,SW,262,117.0,122.0,119.5,2215.0,2220.0,2217.5,9.380277777777778,75.22333333333333,2026-08-28,2026-08-29
KERALA,Thazhampally,SW,261,116.0,121.0,118.5,2266.0,2271.0,2268.5,9.333055555555555,75.23388888888888,2026-08-28,2026-08-29
KERALA,Kalarkod,SW,261,117.0,122.0,119.5,2238.0,2243.0,2240.5,9.285,75.23944444444444,2026-08-28,2026-08-29
KERALA,Ambalapuzha,SW,250,116.0,121.0,118.5,1880.0,1885.0,1882.5,9.0125,75.32055555555556,2026-08-28,2026-08-29
KERALA,Valanjavazhy,SW,247,117.0,122.0,119.5,1793.0,1798.0,1795.5,8.968055555555555,75.33444444444444,2026-08-28,2026-08-29
KERALA,Purakkad,SW,247,116.0,121.0,118.5,1665.0,1670.0,1667.5,8.925833333333333,75.35416666666666,2026-08-28,2026-08-29
KERALA,Thottappally,SW,246,116.0,121.0,118.5,1580.0,1585.0,1582.5,8.886666666666667,75.37916666666666,2026-08-28,2026-08-29
KERALA,Thrikunnapuzha,SW,246,114.0,119.0,116.5,1393.0,1398.0,1395.5,8.851388888888888,75.40916666666668,2026-08-28,2026-08-29
KERALA,Padiyamkara Tekku,SW,246,113.0,118.0,115.5,883.0,888.0,885.5,8.818888888888889,75.44222222222223,2026-08-28,2026-08-29
KERALA,Cheriazheekal,SW,254,98.0,103.0,100.5,305.0,310.0,307.5,8.798055555555555,75.61527777777778,2026-08-28,2026-08-29
KERALA,Ramancheri Tura,SW,248,110.0,115.0,112.5,387.0,392.0,389.5,8.7925,75.48055555555555,2026-08-28,2026-08-29
KERALA,Alappattu,SW,252,103.0,108.0,105.5,287.0,292.0,289.5,8.783333333333333,75.57138888888889,2026-08-28,2026-08-29
KERALA,AzheekalJetty,SW,250,107.0,112.0,109.5,204.0,209.0,206.5,8.780277777777778,75.525,2026-08-28,2026-08-29
KERALA,Neendakara,SW,247,64.0,69.0,66.5,489.0,494.0,491.5,8.703888888888889,75.96805555555555,2026-08-28,2026-08-29
KERALA,Thankassery F.H.,SW,248,63.0,68.0,65.5,567.0,572.0,569.5,8.666111111111112,76.00138888888888,2026-08-28,2026-08-29
KERALA,QuilonPort,SW,244,63.0,68.0,65.5,747.0,752.0,749.5,8.623611111111112,76.02805555555555,2026-08-28,2026-08-29
KERALA,Quilon,SW,240,65.0,70.0,67.5,937.0,942.0,939.5,8.574722222222222,76.03833333333333,2026-08-28,2026-08-29
KERALA,Wadi,SW,236,68.0,73.0,70.5,955.0,960.0,957.5,8.524444444444445,76.03611111111111,2026-08-28,2026-08-29
KERALA,Moothakara,SW,233,72.0,77.0,74.5,1042.0,1047.0,1044.5,8.474444444444444,76.03055555555555,2026-08-28,2026-08-29
KERALA,Pallithottam,SW,231,76.0,81.0,78.5,1092.0,1097.0,1094.5,8.424166666666666,76.02888888888889,2026-08-28,2026-08-29
KERALA,Eravipuram,SW,230,79.0,84.0,81.5,1112.0,1117.0,1114.5,8.37638888888889,76.04277777777777,2026-08-28,2026-08-29
KERALA,Paravoor,SW,231,78.0,83.0,80.5,1087.0,1092.0,1089.5,8.340833333333334,76.07805555555555,2026-08-28,2026-08-29
KERALA,Edaval,SW,233,76.0,81.0,78.5,1056.0,1061.0,1058.5,8.314722222222223,76.12083333333332,2026-08-28,2026-08-29
MAHARASHTRA,Arnala,SW,261,98.0,103.0,100.5,57.0,62.0,59.5,19.33138888888889,71.81027777777777,2026-08-28,2026-08-29
MAHARASHTRA,Edavan/Kore,SW,256,97.0,102.0,99.5,55.0,60.0,57.5,19.320833333333333,71.83833333333332,2026-08-28,2026-08-29
MAHARASHTRA,Tembhi,SW,260,95.0,100.0,97.5,56.0,61.0,58.5,19.303611111111113,71.86277777777777,2026-08-28,2026-08-29
MAHARASHTRA,Arnalapada,SW,258,93.0,98.0,95.5,61.0,66.0,63.5,19.279999999999998,71.88083333333333,2026-08-28,2026-08-29
MAHARASHTRA,Rangaon,SW,262,93.0,98.0,95.5,63.0,68.0,65.5,19.252777777777776,71.8938888888889,2026-08-28,2026-08-29
MAHARASHTRA,Manori,NW,271,93.0,98.0,95.5,63.0,68.0,65.5,19.224444444444444,71.90277777777779,2026-08-28,2026-08-29
MAHARASHTRA,Uttan,SW,260,40.0,45.0,42.5,23.0,28.0,25.5,19.211944444444445,72.39333333333335,2026-08-28,2026-08-29
MAHARASHTRA,Madh,NW,273,93.0,98.0,95.5,63.0,68.0,65.5,19.19472222222222,71.90666666666667,2026-08-28,2026-08-29
MAHARASHTRA,Uttan(Bhatye),SW,257,44.0,49.0,46.5,25.0,30.0,27.5,19.182222222222222,72.36638888888888,2026-08-28,2026-08-29
MAHARASHTRA,YerangalBhati,W,270,93.0,98.0,95.5,65.0,70.0,67.5,19.16472222222222,71.90583333333333,2026-08-28,2026-08-29
MAHARASHTRA,Marve/Malvani,SW,264,47.0,52.0,49.5,27.0,32.0,29.5,19.141944444444444,72.34972222222221,2026-08-28,2026-08-29
MAHARASHTRA,Patwadi,W,270,94.0,99.0,96.5,68.0,73.0,70.5,19.135277777777777,71.90083333333334,2026-08-28,2026-08-29
MAHARASHTRA,Vesava,SW,266,51.0,56.0,53.5,34.0,39.0,36.5,19.11277777777778,72.31444444444445,2026-08-28,2026-08-29
MAHARASHTRA,Gorai,SW,261,95.0,100.0,97.5,72.0,77.0,74.5,19.10638888888889,71.89222222222223,2026-08-28,2026-08-29
MAHARASHTRA,Malabar Port (Mumbai),NW,286,53.0,58.0,55.5,40.0,45.0,42.5,19.06861111111111,72.30416666666666,2026-08-28,2026-08-29
MAHARASHTRA,Worli,NW,272,52.0,57.0,54.5,47.0,52.0,49.5,19.023333333333333,72.31083333333333,2026-08-28,2026-08-29
MAHARASHTRA,Worli-Lotus,W,270,49.0,54.0,51.5,45.0,50.0,47.5,18.989444444444445,72.34083333333332,2026-08-28,2026-08-29
MAHARASHTRA,Colaba Pt.(Mumbai),NW,280,45.0,50.0,47.5,42.0,47.0,44.5,18.964166666666667,72.37916666666666,2026-08-28,2026-08-29
MAHARASHTRA,CuffPared,NW,272,42.0,47.0,44.5,41.0,46.0,43.5,18.929444444444446,72.40805555555556,2026-08-28,2026-08-29
MAHARASHTRA,SasoonDock,SW,267,42.0,47.0,44.5,42.0,47.0,44.5,18.884999999999998,72.41888888888889,2026-08-28,2026-08-29
MAHARASHTRA,Navgaon,SW,267,44.0,49.0,46.5,40.0,45.0,42.5,18.685,72.44,2026-08-28,2026-08-29
MAHARASHTRA,VarsoliChalmala,NW,271,43.0,48.0,45.5,40.0,45.0,42.5,18.66111111111111,72.44805555555556,2026-08-28,2026-08-29
MAHARASHTRA,Thal,SW,263,43.0,48.0,45.5,37.0,42.0,39.5,18.636388888888888,72.45305555555557,2026-08-28,2026-08-29
MAHARASHTRA,Alibag,SW,266,43.0,48.0,45.5,38.0,43.0,40.5,18.610833333333336,72.45416666666667,2026-08-28,2026-08-29
MAHARASHTRA,Nagaon,SW,268,46.0,51.0,48.5,43.0,48.0,45.5,18.585833333333333,72.45027777777779,2026-08-28,2026-08-29
MAHARASHTRA,Revadanda,NW,273,48.0,53.0,50.5,48.0,53.0,50.5,18.5625,72.4413888888889,2026-08-28,2026-08-29
MAHARASHTRA,Korlai,NW,272,50.0,55.0,52.5,51.0,56.0,53.5,18.541111111111114,72.42777777777778,2026-08-28,2026-08-29
MAHARASHTRA,Borli-Mandla,NW,271,52.0,57.0,54.5,53.0,58.0,55.5,18.522499999999997,72.41055555555556,2026-08-28,2026-08-29
MAHARASHTRA,Theronda,SW,262,55.0,60.0,57.5,54.0,59.0,56.5,18.506944444444443,72.39083333333333,2026-08-28,2026-08-29
MAHARASHTRA,Rewdanda,SW,263,58.0,63.0,60.5,53.0,58.0,55.5,18.493333333333336,72.36916666666666,2026-08-28,2026-08-29
MAHARASHTRA,Nanwell Pt,SW,253,39.0,44.0,41.5,41.0,46.0,43.5,18.17138888888889,72.57083333333333,2026-08-28,2026-08-29
MAHARASHTRA,Shekhadi(Khalchi),NW,272,42.0,47.0,44.5,40.0,45.0,42.5,18.133055555555558,72.57305555555556,2026-08-28,2026-08-29
MAHARASHTRA,Bhardkhol-Diveagar,SW,256,43.0,48.0,45.5,39.0,44.0,41.5,18.095555555555553,72.57944444444443,2026-08-28,2026-08-29
MAHARASHTRA,Srivardhan,NW,272,41.0,46.0,43.5,39.0,44.0,41.5,18.060277777777777,72.59388888888888,2026-08-28,2026-08-29
MAHARASHTRA,Diveagar,SW,248,41.0,46.0,43.5,39.0,44.0,41.5,18.02861111111111,72.61527777777778,2026-08-28,2026-08-29
MAHARASHTRA,Bankot,NW,274,41.0,46.0,43.5,37.0,42.0,39.5,17.998055555555556,72.63833333333334,2026-08-28,2026-08-29
MAHARASHTRA,Velas,NW,272,38.0,43.0,40.5,35.0,40.0,37.5,17.96638888888889,72.65916666666668,2026-08-28,2026-08-29
MAHARASHTRA,Veshawi-Bankot,SW,262,38.0,43.0,40.5,33.0,38.0,35.5,17.930555555555557,72.6725,2026-08-28,2026-08-29
MAHARASHTRA,Kelshi,SW,266,39.0,44.0,41.5,36.0,41.0,38.5,17.892777777777777,72.67722222222223,2026-08-28,2026-08-29
MAHARASHTRA,AadeUttambar,SW,264,40.0,45.0,42.5,35.0,40.0,37.5,17.854722222222225,72.67694444444444,2026-08-28,2026-08-29
MAHARASHTRA,HarnePort,SW,259,81.0,86.0,83.5,69.0,74.0,71.5,17.66583333333333,72.33277777777778,2026-08-28,2026-08-29
MAHARASHTRA,Paj,SW,255,83.0,88.0,85.5,74.0,79.0,76.5,17.64388888888889,72.32277777777777,2026-08-28,2026-08-29
MAHARASHTRA,Anjarle,SW,253,85.0,90.0,87.5,72.0,77.0,74.5,17.62138888888889,72.31444444444445,2026-08-28,2026-08-29
MAHARASHTRA,Harne,SW,255,86.0,91.0,88.5,65.0,70.0,67.5,17.598055555555554,72.30805555555555,2026-08-28,2026-08-29
MAHARASHTRA,Murud,SW,256,88.0,93.0,90.5,63.0,68.0,65.5,17.574166666666667,72.30333333333333,2026-08-28,2026-08-29
MAHARASHTRA,Kolthare,SW,263,89.0,94.0,91.5,72.0,77.0,74.5,17.55027777777778,72.3,2026-08-28,2026-08-29
MAHARASHTRA,Burondi,SW,258,90.0,95.0,92.5,97.0,102.0,99.5,17.52638888888889,72.29888888888888,2026-08-28,2026-08-29
MAHARASHTRA,Tolkeshwar Pt,SW,264,51.0,56.0,53.5,54.0,59.0,56.5,17.511111111111113,72.65333333333334,2026-08-28,2026-08-29
MAHARASHTRA,Dabhol,SW,264,92.0,97.0,94.5,112.0,117.0,114.5,17.502222222222223,72.30055555555555,2026-08-28,2026-08-29
MAHARASHTRA,Veldur/Navanagar/Dhopave,SW,263,93.0,98.0,95.5,110.0,115.0,112.5,17.478888888888886,72.30638888888889,2026-08-28,2026-08-29
MAHARASHTRA,Anjanvel,SW,261,52.0,57.0,54.5,60.0,65.0,62.5,17.475277777777777,72.64555555555556,2026-08-28,2026-08-29
MAHARASHTRA,Guhagar,SW,268,92.0,97.0,94.5,95.0,100.0,97.5,17.456944444444442,72.31666666666666,2026-08-28,2026-08-29
MAHARASHTRA,Kondkarul,NW,275,55.0,60.0,57.5,66.0,71.0,68.5,17.43888888888889,72.64305555555556,2026-08-28,2026-08-29
MAHARASHTRA,Budhal,W,270,55.0,60.0,57.5,68.0,73.0,70.5,17.402777777777775,72.64694444444446,2026-08-28,2026-08-29
MAHARASHTRA,Palshet,SW,262,56.0,61.0,58.5,70.0,75.0,72.5,17.36777777777778,72.65777777777778,2026-08-28,2026-08-29
MAHARASHTRA,Jaigarh Head,NW,275,54.0,59.0,56.5,70.0,75.0,72.5,17.3375,72.67777777777778,2026-08-28,2026-08-29
MAHARASHTRA,Welneshwar,SW,262,54.0,59.0,56.5,63.0,68.0,65.5,17.305555555555557,72.69500000000001,2026-08-28,2026-08-29
MAHARASHTRA,SakharJaigad,SW,266,54.0,59.0,56.5,61.0,66.0,63.5,17.269444444444442,72.69944444444445,2026-08-28,2026-08-29
MAHARASHTRA,Jaigad,SW,263,56.0,61.0,58.5,65.0,70.0,67.5,17.234166666666667,72.69166666666668,2026-08-28,2026-08-29
MAHARASHTRA,Hedvi,SW,254,60.0,65.0,62.5,67.0,72.0,69.5,17.206666666666667,72.66833333333334,2026-08-28,2026-08-29
MAHARASHTRA,JakiMirya,NW,271,52.0,57.0,54.5,65.0,70.0,67.5,17.03888888888889,72.75833333333334,2026-08-28,2026-08-29
MAHARASHTRA,Kharviwada,SW,249,48.0,53.0,50.5,59.0,64.0,61.5,17.028055555555554,72.80555555555556,2026-08-28,2026-08-29
MAHARASHTRA,Ratnagiri,NW,273,44.0,49.0,46.5,59.0,64.0,61.5,17.004166666666666,72.84833333333333,2026-08-28,2026-08-29
MAHARASHTRA,Mirkarwada,SW,265,41.0,46.0,43.5,59.0,64.0,61.5,16.968055555555555,72.88055555555555,2026-08-28,2026-08-29
MAHARASHTRA,Purnagad,NW,280,41.0,46.0,43.5,60.0,65.0,62.5,16.923333333333336,72.9,2026-08-28,2026-08-29
MAHARASHTRA,Phansop,SW,258,42.0,47.0,44.5,60.0,65.0,62.5,16.875,72.89777777777779,2026-08-28,2026-08-29
MAHARASHTRA,Purangad,NW,273,44.0,49.0,46.5,62.0,67.0,64.5,16.828611111111112,72.88194444444444,2026-08-28,2026-08-29
MAHARASHTRA,Bokarwadi,NW,276,47.0,52.0,49.5,61.0,66.0,63.5,16.78666666666667,72.85722222222222,2026-08-28,2026-08-29
MAHARASHTRA,Sakhri-Natye,SW,263,53.0,58.0,55.5,67.0,72.0,69.5,16.759722222222223,72.81694444444445,2026-08-28,2026-08-29
MAHARASHTRA,Wada Vetye,NW,274,57.0,62.0,59.5,62.0,67.0,64.5,16.72222222222222,72.78833333333333,2026-08-28,2026-08-29
MAHARASHTRA,Wagapur Pt,SW,261,69.0,74.0,71.5,62.0,67.0,64.5,16.5025,72.67027777777778,2026-08-28,2026-08-29
MAHARASHTRA,Vijaydurg,SW,263,71.0,76.0,73.5,70.0,75.0,72.5,16.476388888888888,72.65138888888889,2026-08-28,2026-08-29
MAHARASHTRA,Vijayadurg Hr,SW,262,75.0,80.0,77.5,78.0,83.0,80.5,16.458055555555553,72.62444444444444,2026-08-28,2026-08-29
MAHARASHTRA,Ambolgad,SW,253,79.0,84.0,81.5,82.0,87.0,84.5,16.435277777777777,72.60138888888888,2026-08-28,2026-08-29
MAHARASHTRA,Kalamaiwadi,SW,267,82.0,87.0,84.5,86.0,91.0,88.5,16.409444444444443,72.58138888888888,2026-08-28,2026-08-29
MAHARASHTRA,Jambhari,SW,259,85.0,90.0,87.5,88.0,93.0,90.5,16.384166666666665,72.56083333333333,2026-08-28,2026-08-29
MAHARASHTRA,Devgarh,SW,268,88.0,93.0,90.5,100.0,105.0,102.5,16.361111111111114,72.53777777777778,2026-08-28,2026-08-29
MAHARASHTRA,Anandwadi(Devgad),SW,267,92.0,97.0,94.5,104.0,109.0,106.5,16.339166666666664,72.51361111111112,2026-08-28,2026-08-29
MAHARASHTRA,Mithmumbri/Taramumbari,SW,267,95.0,100.0,97.5,111.0,116.0,113.5,16.319444444444443,72.48777777777778,2026-08-28,2026-08-29
MAHARASHTRA,Kunkeshwar,SW,268,99.0,104.0,101.5,137.0,142.0,139.5,16.303611111111113,72.45916666666668,2026-08-28,2026-08-29
MAHARASHTRA,Dhurivada,SW,265,53.0,58.0,55.5,83.0,88.0,85.5,16.019166666666667,72.94944444444445,2026-08-28,2026-08-29
MAHARASHTRA,Talashil,SW,260,50.0,55.0,52.5,75.0,80.0,77.5,16.0175,72.98527777777778,2026-08-28,2026-08-29
MAHARASHTRA,Sindhudurg (Malvan),SW,267,57.0,62.0,59.5,84.0,89.0,86.5,16.013333333333332,72.91416666666667,2026-08-28,2026-08-29
MAHARASHTRA,Sarjekot,SW,260,47.0,52.0,49.5,70.0,75.0,72.5,16.0075,73.01944444444445,2026-08-28,2026-08-29
MAHARASHTRA,Sarjekot-MiryaBandh,SW,250,44.0,49.0,46.5,67.0,72.0,69.5,15.99111111111111,73.05111111111111,2026-08-28,2026-08-29
MAHARASHTRA,Wayri,SW,259,42.0,47.0,44.5,67.0,72.0,69.5,15.9675,73.07777777777777,2026-08-28,2026-08-29
MAHARASHTRA,Tarkarli/Kalethar,SW,255,42.0,47.0,44.5,67.0,72.0,69.5,15.935,73.09194444444444,2026-08-28,2026-08-29
MAHARASHTRA,Deobag,SW,253,42.0,47.0,44.5,70.0,75.0,72.5,15.899444444444445,73.09527777777777,2026-08-28,2026-08-29
MAHARASHTRA,Kochara-Nivati,SW,260,47.0,52.0,49.5,73.0,78.0,75.5,15.864722222222222,73.08805555555556,2026-08-28,2026-08-29
MAHARASHTRA,Khavana,SW,258,50.0,55.0,52.5,80.0,85.0,82.5,15.838333333333335,73.06444444444445,2026-08-28,2026-08-29
