state,From the coast of,Direction,bearing_deg,distance_min_km,distance_max_km,depth_min_m,depth_max_m,latitude,longitude,valid_from,valid_to
KERALA,Uppala,SW,248.0,56.0,61.0,95.0,100.0,12.479722222222222,74.40472222222223,2026-08-28,2026-08-29
KERALA,Koipadi,SW,253.0,57.0,62.0,95.0,100.0,12.440277777777778,74.41222222222223,2026-08-28,2026-08-29
KERALA,Mogral,SW,252.0,56.0,61.0,91.0,96.0,12.404722222222222,74.43194444444445,2026-08-28,2026-08-29
KERALA,Adakathbail,SW,254.0,55.0,60.0,92.0,97.0,12.375277777777779,74.45972222222223,2026-08-28,2026-08-29
KERALA,Kasaragod,SW,252.0,53.0,58.0,78.0,83.0,12.349722222222223,74.49138888888889,2026-08-28,2026-08-29
KERALA,ThalangarJetty,SW,250.0,53.0,58.0,73.0,78.0,12.315555555555557,74.51277777777777,2026-08-28,2026-08-29
KERALA,Kotikulam,SW,253.0,52.0,57.0,79.0,84.0,12.279722222222222,74.53111111111112,2026-08-28,2026-08-29
KERALA,Bekal,SW,253.0,50.0,55.0,86.0,91.0,12.259722222222223,74.56583333333333,2026-08-28,2026-08-29
KERALA,Pallikere,SW,251.0,49.0,54.0,81.0,86.0,12.23472222222222,74.59527777777777,2026-08-28,2026-08-29
KERALA,Chittari,SW,251.0,49.0,54.0,73.0,78.0,12.2075,74.61472222222221,2026-08-28,2026-08-29
KERALA,Kunnariyam,SW,250.0,45.0,50.0,66.0,71.0,11.891666666666666,74.78055555555555,2026-08-28,2026-08-29
KERALA,Kavvayi,SW,239.0,43.0,48.0,70.0,75.0,11.877222222222223,74.81083333333333,2026-08-28,2026-08-29
KERALA,Kotte Kunnu,SW,248.0,41.0,46.0,67.0,72.0,11.858055555555556,74.83833333333332,2026-08-28,2026-08-29
KERALA,Ettikulam,SW,243.0,40.0,45.0,58.0,63.0,11.835,74.86277777777777,2026-08-28,2026-08-29
KERALA,Azhikal,SW,251.0,45.0,50.0,58.0,63.0,11.808333333333334,74.88305555555554,2026-08-28,2026-08-29
KERALA,Azheecode,SW,250.0,46.0,51.0,52.0,57.0,11.777777777777779,74.89666666666668,2026-08-28,2026-08-29
KERALA,AzheecodeSouth,SW,248.0,47.0,52.0,53.0,58.0,11.744166666666667,74.89777777777779,2026-08-28,2026-08-29
KERALA,Kannur,SW,250.0,50.0,55.0,49.0,54.0,11.710555555555555,74.89666666666668,2026-08-28,2026-08-29
KERALA,Koloth,SW,235.0,52.0,57.0,49.0,54.0,11.678055555555554,74.90305555555557,2026-08-28,2026-08-29
KERALA,AyikkaraFH,SW,245.0,51.0,56.0,57.0,62.0,11.654444444444445,74.92666666666668,2026-08-28,2026-08-29
KERALA,Edakkad,SW,236.0,63.0,68.0,50.0,55.0,11.471388888888889,74.93138888888889,2026-08-28,2026-08-29
KERALA,Muzhuppilangad,SW,234.0,62.0,67.0,82.0,87.0,11.455555555555556,74.9563888888889,2026-08-28,2026-08-29
KERALA,Tellicherry,SW,239.0,62.0,67.0,77.0,82.0,11.444166666666668,74.98388888888888,2026-08-28,2026-08-29
KERALA,NewMahe,SW,239.0,60.0,65.0,57.0,62.0,11.441944444444445,75.01333333333334,2026-08-28,2026-08-29
KERALA,ChombalaFH,SW,246.0,58.0,63.0,52.0,57.0,11.441666666666666,75.04305555555555,2026-08-28,2026-08-29
KERALA,Uralungal,SW,246.0,57.0,62.0,50.0,55.0,11.421666666666667,75.06361111111111,2026-08-28,2026-08-29
KERALA,Badagara,SW,248.0,57.0,62.0,52.0,57.0,11.393888888888888,75.07416666666666,2026-08-28,2026-08-29
KERALA,Kizhur,SW,253.0,57.0,62.0,57.0,62.0,11.365277777777777,75.08222222222221,2026-08-28,2026-08-29
KERALA,Moodady,SW,254.0,58.0,63.0,60.0,65.0,11.335833333333333,75.08611111111111,2026-08-28,2026-08-29
KERALA,Tikkoti,SW,251.0,59.0,64.0,66.0,71.0,11.306111111111111,75.08583333333333,2026-08-28,2026-08-29
KERALA,Thikkodi(Kodikkal),SW,228.0,62.0,67.0,73.0,78.0,11.079444444444444,75.18083333333334,2026-08-28,2026-08-29
KERALA,Kadalur Pt,SW,227.0,65.0,70.0,90.0,95.0,11.047777777777778,75.17888888888889,2026-08-28,2026-08-29
KERALA,Calicut,SW,247.0,66.0,71.0,97.0,102.0,11.016666666666667,75.18388888888889,2026-08-28,2026-08-29
KERALA,BeyporeFH,SW,252.0,66.0,71.0,89.0,94.0,10.989166666666666,75.19972222222222,2026-08-28,2026-08-29
KERALA,Beypore,SW,252.0,65.0,70.0,87.0,92.0,10.963333333333333,75.21805555555555,2026-08-28,2026-08-29
KERALA,Chaliyam,SW,248.0,65.0,70.0,97.0,102.0,10.93361111111111,75.22888888888889,2026-08-28,2026-08-29
KERALA,Ramanattukara,SW,247.0,66.0,71.0,115.0,120.0,10.902222222222223,75.23388888888888,2026-08-28,2026-08-29
KERALA,Thanur,SW,259.0,67.0,72.0,138.0,143.0,10.870555555555557,75.23416666666667,2026-08-28,2026-08-29
KERALA,Parapanangadi,SW,251.0,69.0,74.0,244.0,249.0,10.839166666666667,75.22916666666667,2026-08-28,2026-08-29
KERALA,Paravannangadi,SW,262.0,71.0,76.0,420.0,425.0,10.809722222222224,75.2175,2026-08-28,2026-08-29
KERALA,Ponnani,SW,253.0,116.0,121.0,2102.0,2107.0,10.460277777777778,74.87416666666665,2026-08-28,2026-08-29
KERALA,Veliyangod,SW,254.0,117.0,122.0,2117.0,2122.0,10.434722222222222,74.87972222222221,2026-08-28,2026-08-29
KERALA,Palappetty,SW,254.0,117.0,122.0,2118.0,2123.0,10.408888888888889,74.88472222222222,2026-08-28,2026-08-29
KERALA,Mannalamkunnu,SW,255.0,118.0,123.0,2079.0,2084.0,10.383055555555556,74.88833333333334,2026-08-28,2026-08-29
KERALA,Attupuram,SW,254.0,119.0,124.0,2062.0,2067.0,10.356944444444444,74.89111111111112,2026-08-28,2026-08-29
KERALA,Vayilattur,SW,254.0,120.0,125.0,2071.0,2076.0,10.330833333333333,74.89277777777778,2026-08-28,2026-08-29
KERALA,Edakazhiyur,SW,253.0,121.0,126.0,2114.0,2119.0,10.304444444444446,74.89333333333335,2026-08-28,2026-08-29
KERALA,Panchavadi,SW,252.0,122.0,127.0,2170.0,2175.0,10.278333333333334,74.89277777777778,2026-08-28,2026-08-29
KERALA,Blangad,SW,254.0,124.0,129.0,2229.0,2234.0,10.252222222222223,74.8913888888889,2026-08-28,2026-08-29
KERALA,Chavakkad,SW,254.0,125.0,130.0,2233.0,2238.0,10.226111111111111,74.8888888888889,2026-08-28,2026-08-29
KERALA,Ernakulam,SW,254.0,121.0,126.0,2389.0,2394.0,9.68888888888889,75.11999999999999,2026-08-28,2026-08-29
KERALA,Malipuram,SW,251.0,121.0,126.0,2422.0,2427.0,9.646388888888888,75.13666666666667,2026-08-28,2026-08-29
KERALA,Thykal,SW,266.0,123.0,128.0,2448.0,2453.0,9.598055555555556,75.13166666666666,2026-08-28,2026-08-29
KERALA,Arthunkal/Chennavely,SW,264.0,124.0,129.0,2483.0,2488.0,9.549722222222222,75.13166666666666,2026-08-28,2026-08-29
KERALA,Chethy,SW,264.0,122.0,127.0,2379.0,2384.0,9.505833333333333,75.15166666666667,2026-08-28,2026-08-29
KERALA,Kottamkulangara,SW,264.0,120.0,125.0,2218.0,2223.0,9.466111111111111,75.17944444444444,2026-08-28,2026-08-29
KERALA,Pollethai,SW,262.0,118.0,123.0,2174.0,2179.0,9.425555555555555,75.20583333333333,2026-08-28,2026-08-29
KERALA,Thumpolly,SW,262.0,117.0,122.0,2215.0,2220.0,9.380277777777778,75.22333333333333,2026-08-28,2026-08-29
KERALA,Thazhampally,SW,261.0,116.0,121.0,2266.0,2271.0,9.333055555555555,75.23388888888888,2026-08-28,2026-08-29
KERALA,Kalarkod,SW,261.0,117.0,122.0,2238.0,2243.0,9.285,75.23944444444444,2026-08-28,2026-08-29
KERALA,Ambalapuzha,SW,250.0,116.0,121.0,1880.0,1885.0,9.0125,75.32055555555556,2026-08-28,2026-08-29
KERALA,Valanjavazhy,SW,247.0,117.0,122.0,1793.0,1798.0,8.968055555555555,75.33444444444444,2026-08-28,2026-08-29
KERALA,Purakkad,SW,247.0,116.0,121.0,1665.0,1670.0,8.925833333333333,75.35416666666666,2026-08-28,2026-08-29
KERALA,Thottappally,SW,246.0,116.0,121.0,1580.0,1585.0,8.886666666666667,75.37916666666666,2026-08-28,2026-08-29
KERALA,Thrikunnapuzha,SW,246.0,114.0,119.0,1393.0,1398.0,8.851388888888888,75.40916666666668,2026-08-28,2026-08-29
KERALA,Padiyamkara Tekku,SW,246.0,113.0,118.0,883.0,888.0,8.818888888888889,75.44222222222223,2026-08-28,2026-08-29
KERALA,Cheriazheekal,SW,254.0,98.0,103.0,305.0,310.0,8.798055555555555,75.61527777777778,2026-08-28,2026-08-29
KERALA,Ramancheri Tura,SW,248.0,110.0,115.0,387.0,392.0,8.7925,75.48055555555555,2026-08-28,2026-08-29
KERALA,Alappattu,SW,252.0,103.0,108.0,287.0,292.0,8.783333333333333,75.57138888888889,2026-08-28,2026-08-29
KERALA,AzheekalJetty,SW,250.0,107.0,112.0,204.0,209.0,8.780277777777778,75.525,2026-08-28,2026-08-29
KERALA,Neendakara,SW,247.0,64.0,69.0,489.0,494.0,8.703888888888889,75.96805555555555,2026-08-28,2026-08-29
KERALA,Thankassery F.H.,SW,248.0,63.0,68.0,567.0,572.0,8.666111111111112,76.00138888888888,2026-08-28,2026-08-29
KERALA,QuilonPort,SW,244.0,63.0,68.0,747.0,752.0,8.623611111111112,76.02805555555555,2026-08-28,2026-08-29
KERALA,Quilon,SW,240.0,65.0,70.0,937.0,942.0,8.574722222222222,76.03833333333333,2026-08-28,2026-08-29
KERALA,Wadi,SW,236.0,68.0,73.0,955.0,960.0,8.524444444444445,76.03611111111111,2026-08-28,2026-08-29
KERALA,Moothakara,SW,233.0,72.0,77.0,1042.0,1047.0,8.474444444444444,76.03055555555555,2026-08-28,2026-08-29
KERALA,Pallithottam,SW,231.0,76.0,81.0,1092.0,1097.0,8.424166666666666,76.02888888888889,2026-08-28,2026-08-29
KERALA,Eravipuram,SW,230.0,79.0,84.0,1112.0,1117.0,8.37638888888889,76.04277777777777,2026-08-28,2026-08-29
KERALA,Paravoor,SW,231.0,78.0,83.0,1087.0,1092.0,8.340833333333334,76.07805555555555,2026-08-28,2026-08-29
KERALA,Edaval,SW,233.0,76.0,81.0,1056.0,1061.0,8.314722222222223,76.12083333333332,2026-08-28,2026-08-29
MAHARASHTRA,Arnala,SW,261.0,98.0,103.0,57.0,62.0,19.33138888888889,71.81027777777777,2026-08-28,2026-08-29
MAHARASHTRA,Edavan/Kore,SW,256.0,97.0,102.0,55.0,60.0,19.320833333333333,71.83833333333332,2026-08-28,2026-08-29
MAHARASHTRA,Tembhi,SW,260.0,95.0,100.0,56.0,61.0,19.303611111111113,71.86277777777777,2026-08-28,2026-08-29
MAHARASHTRA,Arnalapada,SW,258.0,93.0,98.0,61.0,66.0,19.279999999999998,71.88083333333333,2026-08-28,2026-08-29
MAHARASHTRA,Rangaon,SW,262.0,93.0,98.0,63.0,68.0,19.252777777777776,71.8938888888889,2026-08-28,2026-08-29
MAHARASHTRA,Manori,NW,271.0,93.0,98.0,63.0,68.0,19.224444444444444,71.90277777777779,2026-08-28,2026-08-29
MAHARASHTRA,Uttan,SW,260.0,40.0,45.0,23.0,28.0,19.211944444444445,72.39333333333335,2026-08-28,2026-08-29
MAHARASHTRA,Madh,NW,273.0,93.0,98.0,63.0,68.0,19.19472222222222,71.90666666666667,2026-08-28,2026-08-29
MAHARASHTRA,Uttan(Bhatye),SW,257.0,44.0,49.0,25.0,30.0,19.182222222222222,72.36638888888888,2026-08-28,2026-08-29
MAHARASHTRA,YerangalBhati,W,270.0,93.0,98.0,65.0,70.0,19.16472222222222,71.90583333333333,2026-08-28,2026-08-29
MAHARASHTRA,Marve/Malvani,SW,264.0,47.0,52.0,27.0,32.0,19.141944444444444,72.34972222222221,2026-08-28,2026-08-29
MAHARASHTRA,Patwadi,W,270.0,94.0,99.0,68.0,73.0,19.135277777777777,71.90083333333334,2026-08-28,2026-08-29
MAHARASHTRA,Vesava,SW,266.0,51.0,56.0,34.0,39.0,19.11277777777778,72.31444444444445,2026-08-28,2026-08-29
MAHARASHTRA,Gorai,SW,261.0,95.0,100.0,72.0,77.0,19.10638888888889,71.89222222222223,2026-08-28,2026-08-29
MAHARASHTRA,Malabar Port (Mumbai),NW,286.0,53.0,58.0,40.0,45.0,19.06861111111111,72.30416666666666,2026-08-28,2026-08-29
MAHARASHTRA,Worli,NW,272.0,52.0,57.0,47.0,52.0,19.023333333333333,72.31083333333333,2026-08-28,2026-08-29
MAHARASHTRA,Worli-Lotus,W,270.0,49.0,54.0,45.0,50.0,18.989444444444445,72.34083333333332,2026-08-28,2026-08-29
MAHARASHTRA,Colaba Pt.(Mumbai),NW,280.0,45.0,50.0,42.0,47.0,18.964166666666667,72.37916666666666,2026-08-28,2026-08-29
MAHARASHTRA,CuffPared,NW,272.0,42.0,47.0,41.0,46.0,18.929444444444446,72.40805555555556,2026-08-28,2026-08-29
MAHARASHTRA,SasoonDock,SW,267.0,42.0,47.0,42.0,47.0,18.884999999999998,72.41888888888889,2026-08-28,2026-08-29
MAHARASHTRA,Navgaon,SW,267.0,44.0,49.0,40.0,45.0,18.685,72.44,2026-08-28,2026-08-29
MAHARASHTRA,VarsoliChalmala,NW,271.0,43.0,48.0,40.0,45.0,18.66111111111111,72.44805555555556,2026-08-28,2026-08-29
MAHARASHTRA,Thal,SW,263.0,43.0,48.0,37.0,42.0,18.636388888888888,72.45305555555557,2026-08-28,2026-08-29
MAHARASHTRA,Alibag,SW,266.0,43.0,48.0,38.0,43.0,18.610833333333336,72.45416666666667,2026-08-28,2026-08-29
MAHARASHTRA,Nagaon,SW,268.0,46.0,51.0,43.0,48.0,18.585833333333333,72.45027777777779,2026-08-28,2026-08-29
MAHARASHTRA,Revadanda,NW,273.0,48.0,53.0,48.0,53.0,18.5625,72.4413888888889,2026-08-28,2026-08-29
MAHARASHTRA,Korlai,NW,272.0,50.0,55.0,51.0,56.0,18.541111111111114,72.42777777777778,2026-08-28,2026-08-29
MAHARASHTRA,Borli-Mandla,NW,271.0,52.0,57.0,53.0,58.0,18.522499999999997,72.41055555555556,2026-08-28,2026-08-29
MAHARASHTRA,Theronda,SW,262.0,55.0,60.0,54.0,59.0,18.506944444444443,72.39083333333333,2026-08-28,2026-08-29
MAHARASHTRA,Rewdanda,SW,263.0,58.0,63.0,53.0,58.0,18.493333333333336,72.36916666666666,2026-08-28,2026-08-29
MAHARASHTRA,Nanwell Pt,SW,253.0,39.0,44.0,41.0,46.0,18.17138888888889,72.57083333333333,2026-08-28,2026-08-29
MAHARASHTRA,Shekhadi(Khalchi),NW,272.0,42.0,47.0,40.0,45.0,18.133055555555558,72.57305555555556,2026-08-28,2026-08-29
MAHARASHTRA,Bhardkhol-Diveagar,SW,256.0,43.0,48.0,39.0,44.0,18.095555555555553,72.57944444444443,2026-08-28,2026-08-29
MAHARASHTRA,Srivardhan,NW,272.0,41.0,46.0,39.0,44.0,18.060277777777777,72.59388888888888,2026-08-28,2026-08-29
MAHARASHTRA,Diveagar,SW,248.0,41.0,46.0,39.0,44.0,18.02861111111111,72.61527777777778,2026-08-28,2026-08-29
MAHARASHTRA,Bankot,NW,274.0,41.0,46.0,37.0,42.0,17.998055555555556,72.63833333333334,2026-08-28,2026-08-29
MAHARASHTRA,Velas,NW,272.0,38.0,43.0,35.0,40.0,17.96638888888889,72.65916666666668,2026-08-28,2026-08-29
MAHARASHTRA,Veshawi-Bankot,SW,262.0,38.0,43.0,33.0,38.0,17.930555555555557,72.6725,2026-08-28,2026-08-29
MAHARASHTRA,Kelshi,SW,266.0,39.0,44.0,36.0,41.0,17.892777777777777,72.67722222222223,2026-08-28,2026-08-29
MAHARASHTRA,AadeUttambar,SW,264.0,40.0,45.0,35.0,40.0,17.854722222222225,72.67694444444444,2026-08-28,2026-08-29
MAHARASHTRA,HarnePort,SW,259.0,81.0,86.0,69.0,74.0,17.66583333333333,72.33277777777778,2026-08-28,2026-08-29
MAHARASHTRA,Paj,SW,255.0,83.0,88.0,74.0,79.0,17.64388888888889,72.32277777777777,2026-08-28,2026-08-29
MAHARASHTRA,Anjarle,SW,253.0,85.0,90.0,72.0,77.0,17.62138888888889,72.31444444444445,2026-08-28,2026-08-29
MAHARASHTRA,Harne,SW,255.0,86.0,91.0,65.0,70.0,17.598055555555554,72.30805555555555,2026-08-28,2026-08-29
MAHARASHTRA,Murud,SW,256.0,88.0,93.0,63.0,68.0,17.574166666666667,72.30333333333333,2026-08-28,2026-08-29
MAHARASHTRA,Kolthare,SW,263.0,89.0,94.0,72.0,77.0,17.55027777777778,72.3,2026-08-28,2026-08-29
MAHARASHTRA,Burondi,SW,258.0,90.0,95.0,97.0,102.0,17.52638888888889,72.29888888888888,2026-08-28,2026-08-29
MAHARASHTRA,Tolkeshwar Pt,SW,264.0,51.0,56.0,54.0,59.0,17.511111111111113,72.65333333333334,2026-08-28,2026-08-29
MAHARASHTRA,Dabhol,SW,264.0,92.0,97.0,112.0,117.0,17.502222222222223,72.30055555555555,2026-08-28,2026-08-29
MAHARASHTRA,Veldur/Navanagar/Dhopave,SW,263.0,93.0,98.0,110.0,115.0,17.478888888888886,72.30638888888889,2026-08-28,2026-08-29
MAHARASHTRA,Anjanvel,SW,261.0,52.0,57.0,60.0,65.0,17.475277777777777,72.64555555555556,2026-08-28,2026-08-29
MAHARASHTRA,Guhagar,SW,268.0,92.0,97.0,95.0,100.0,17.456944444444442,72.31666666666666,2026-08-28,2026-08-29
MAHARASHTRA,Kondkarul,NW,275.0,55.0,60.0,66.0,71.0,17.43888888888889,72.64305555555556,2026-08-28,2026-08-29
MAHARASHTRA,Budhal,W,270.0,55.0,60.0,68.0,73.0,17.402777777777775,72.64694444444446,2026-08-28,2026-08-29
MAHARASHTRA,Palshet,SW,262.0,56.0,61.0,70.0,75.0,17.36777777777778,72.65777777777778,2026-08-28,2026-08-29
MAHARASHTRA,Jaigarh Head,NW,275.0,54.0,59.0,70.0,75.0,17.3375,72.67777777777778,2026-08-28,2026-08-29
MAHARASHTRA,Welneshwar,SW,262.0,54.0,59.0,63.0,68.0,17.305555555555557,72.69500000000001,2026-08-28,2026-08-29
MAHARASHTRA,SakharJaigad,SW,266.0,54.0,59.0,61.0,66.0,17.269444444444442,72.69944444444445,2026-08-28,2026-08-29
MAHARASHTRA,Jaigad,SW,263.0,56.0,61.0,65.0,70.0,17.234166666666667,72.69166666666668,2026-08-28,2026-08-29
MAHARASHTRA,Hedvi,SW,254.0,60.0,65.0,67.0,72.0,17.206666666666667,72.66833333333334,2026-08-28,2026-08-29
MAHARASHTRA,JakiMirya,NW,271.0,52.0,57.0,65.0,70.0,17.03888888888889,72.75833333333334,2026-08-28,2026-08-29
MAHARASHTRA,Kharviwada,SW,249.0,48.0,53.0,59.0,64.0,17.028055555555554,72.80555555555556,2026-08-28,2026-08-29
MAHARASHTRA,Ratnagiri,NW,273.0,44.0,49.0,59.0,64.0,17.004166666666666,72.84833333333333,2026-08-28,2026-08-29
MAHARASHTRA,Mirkarwada,SW,265.0,41.0,46.0,59.0,64.0,16.968055555555555,72.88055555555555,2026-08-28,2026-08-29
MAHARASHTRA,Purnagad,NW,280.0,41.0,46.0,60.0,65.0,16.923333333333336,72.9,2026-08-28,2026-08-29
MAHARASHTRA,Phansop,SW,258.0,42.0,47.0,60.0,65.0,16.875,72.89777777777779,2026-08-28,2026-08-29
MAHARASHTRA,Purangad,NW,273.0,44.0,49.0,62.0,67.0,16.828611111111112,72.88194444444444,2026-08-28,2026-08-29
MAHARASHTRA,Bokarwadi,NW,276.0,47.0,52.0,61.0,66.0,16.78666666666667,72.85722222222222,2026-08-28,2026-08-29
MAHARASHTRA,Sakhri-Natye,SW,263.0,53.0,58.0,67.0,72.0,16.759722222222223,72.81694444444445,2026-08-28,2026-08-29
MAHARASHTRA,Wada Vetye,NW,274.0,57.0,62.0,62.0,67.0,16.72222222222222,72.78833333333333,2026-08-28,2026-08-29
MAHARASHTRA,Wagapur Pt,SW,261.0,69.0,74.0,62.0,67.0,16.5025,72.67027777777778,2026-08-28,2026-08-29
MAHARASHTRA,Vijaydurg,SW,263.0,71.0,76.0,70.0,75.0,16.476388888888888,72.65138888888889,2026-08-28,2026-08-29
MAHARASHTRA,Vijayadurg Hr,SW,262.0,75.0,80.0,78.0,83.0,16.458055555555553,72.62444444444444,2026-08-28,2026-08-29
MAHARASHTRA,Ambolgad,SW,253.0,79.0,84.0,82.0,87.0,16.435277777777777,72.60138888888888,2026-08-28,2026-08-29
MAHARASHTRA,Kalamaiwadi,SW,267.0,82.0,87.0,86.0,91.0,16.409444444444443,72.58138888888888,2026-08-28,2026-08-29
MAHARASHTRA,Jambhari,SW,259.0,85.0,90.0,88.0,93.0,16.384166666666665,72.56083333333333,2026-08-28,2026-08-29
MAHARASHTRA,Devgarh,SW,268.0,88.0,93.0,100.0,105.0,16.361111111111114,72.53777777777778,2026-08-28,2026-08-29
MAHARASHTRA,Anandwadi(Devgad),SW,267.0,92.0,97.0,104.0,109.0,16.339166666666664,72.51361111111112,2026-08-28,2026-08-29
MAHARASHTRA,Mithmumbri/Taramumbari,SW,267.0,95.0,100.0,111.0,116.0,16.319444444444443,72.48777777777778,2026-08-28,2026-08-29
MAHARASHTRA,Kunkeshwar,SW,268.0,99.0,104.0,137.0,142.0,16.303611111111113,72.45916666666668,2026-08-28,2026-08-29
MAHARASHTRA,Dhurivada,SW,265.0,53.0,58.0,83.0,88.0,16.019166666666667,72.94944444444445,2026-08-28,2026-08-29
MAHARASHTRA,Talashil,SW,260.0,50.0,55.0,75.0,80.0,16.0175,72.98527777777778,2026-08-28,2026-08-29
MAHARASHTRA,Sindhudurg (Malvan),SW,267.0,57.0,62.0,84.0,89.0,16.013333333333332,72.91416666666667,2026-08-28,2026-08-29
MAHARASHTRA,Sarjekot,SW,260.0,47.0,52.0,70.0,75.0,16.0075,73.01944444444445,2026-08-28,2026-08-29
MAHARASHTRA,Sarjekot-MiryaBandh,SW,250.0,44.0,49.0,67.0,72.0,15.99111111111111,73.05111111111111,2026-08-28,2026-08-29
MAHARASHTRA,Wayri,SW,259.0,42.0,47.0,67.0,72.0,15.9675,73.07777777777777,2026-08-28,2026-08-29
MAHARASHTRA,Tarkarli/Kalethar,SW,255.0,42.0,47.0,67.0,72.0,15.935,73.09194444444444,2026-08-28,2026-08-29
MAHARASHTRA,Deobag,SW,253.0,42.0,47.0,70.0,75.0,15.899444444444445,73.09527777777777,2026-08-28,2026-08-29
MAHARASHTRA,Kochara-Nivati,SW,260.0,47.0,52.0,73.0,78.0,15.864722222222222,73.08805555555556,2026-08-28,2026-08-29
MAHARASHTRA,Khavana,SW,258.0,50.0,55.0,80.0,85.0,15.838333333333335,73.06444444444445,2026-08-28,2026-08-29
