time,valid_cells,speed_max,speed_mean,speed_p99,speed_gt_1,speed_gt_2,speed_gt_3,gradient_max,gradient_p99
2026-08-28T06:00:00.000000000,125634,1.9572839736938477,0.3205938935279846,1.2510348558425903,2789,0,0,0.6152222156524658,0.15718108415603638
2026-08-28T12:00:00.000000000,125634,2.273752450942993,0.41908419132232666,1.457870602607727,5604,109,0,0.5986788868904114,0.18280194699764252
2026-08-28T18:00:00.000000000,125634,2.0398943424224854,0.30025798082351685,1.3122813701629639,2923,4,0,0.5151814222335815,0.15885785222053528
2026-08-29T00:00:00.000000000,125634,2.1151978969573975,0.2853589653968811,1.3104732036590576,2672,14,0,0.5321999192237854,0.15686702728271484
2026-08-29T06:00:00.000000000,125634,2.1484534740448,0.32795804738998413,1.3925899267196655,3475,23,0,0.6097531318664551,0.1582093983888626
2026-08-29T12:00:00.000000000,125634,2.3321611881256104,0.42099666595458984,1.5374433994293213,5451,154,0,0.6999759078025818,0.1840466856956482
2026-08-29T18:00:00.000000000,125634,2.035008430480957,0.3002559244632721,1.2931177616119385,2954,6,0,0.6254913210868835,0.16252724826335907
2026-08-30T00:00:00.000000000,125634,2.041948080062866,0.285683810710907,1.169333577156067,2407,5,0,0.6104510426521301,0.15887044370174408
2026-08-30T06:00:00.000000000,125634,2.069641351699829,0.3318236768245697,1.3202898502349854,3312,13,0,0.6528823375701904,0.16367729008197784
2026-08-30T12:00:00.000000000,125634,2.3795130252838135,0.42848724126815796,1.5413684844970703,5455,92,0,0.7905436158180237,0.187510147690773
2026-08-30T18:00:00.000000000,125634,2.0687098503112793,0.30167248845100403,1.3607481718063354,3307,7,0,0.7509353756904602,0.16732028126716614
2026-08-31T00:00:00.000000000,125634,2.039682626724243,0.2805429697036743,1.2421551942825317,2745,5,0,0.7100070118904114,0.16383792459964752
2026-08-31T06:00:00.000000000,125634,2.139587640762329,0.3191884458065033,1.2588508129119873,3158,37,0,0.7264673113822937,0.1700640618801117
2026-08-31T12:00:00.000000000,125634,2.276782751083374,0.41393059492111206,1.3484382629394531,4992,97,0,0.8468528389930725,0.1893247812986374
2026-08-31T18:00:00.000000000,125634,2.0928285121917725,0.2979377210140228,1.142727017402649,2169,9,0,0.6791967749595642,0.17233207821846008
2026-09-01T00:00:00.000000000,125634,2.1046180725097656,0.27848944067955017,1.0772849321365356,1659,8,0,0.5827318429946899,0.16821888089179993
2026-09-01T06:00:00.000000000,125634,2.135091543197632,0.3188655376434326,1.2063701152801514,2372,26,0,0.6851614117622375,0.16620662808418274
2026-09-01T12:00:00.000000000,125634,2.353489637374878,0.41258537769317627,1.3782509565353394,4161,157,0,0.7472812533378601,0.18118028342723846
2026-09-01T18:00:00.000000000,125634,2.0365614891052246,0.3034166395664215,1.2159967422485352,2859,7,0,0.7199776768684387,0.16863609850406647
2026-09-02T00:00:00.000000000,125634,2.057203769683838,0.2817724943161011,1.1882059574127197,2425,4,0,0.7151417136192322,0.16570597887039185
2026-09-02T06:00:00.000000000,125634,2.1406028270721436,0.3178182542324066,1.2571156024932861,2700,43,0,0.7593128681182861,0.16291819512844086
2026-09-02T12:00:00.000000000,125634,2.362994432449341,0.40425390005111694,1.3848222494125366,4171,165,0,0.7720522284507751,0.17889513075351715
2026-09-02T18:00:00.000000000,125634,2.106004238128662,0.2957098186016083,1.2337062358856201,2557,24,0,0.6489901542663574,0.16883699595928192
2026-09-03T00:00:00.000000000,125634,2.0986595153808594,0.2692519724369049,1.1514476537704468,2051,19,0,0.6245793104171753,0.16108101606369019
2026-09-03T06:00:00.000000000,125634,2.1900646686553955,0.2930915057659149,1.1990844011306763,2289,54,0,0.5753671526908875,0.16089753806591034
2026-09-03T12:00:00.000000000,125634,2.4068329334259033,0.35205262899398804,1.3396345376968384,3310,95,0,0.6847115159034729,0.17423102259635925
2026-09-03T18:00:00.000000000,125634,2.1896655559539795,0.27685752511024475,1.2505364418029785,2542,19,0,0.5293275713920593,0.16989688575267792
2026-09-04T00:00:00.000000000,125634,2.130357265472412,0.25507789850234985,1.1328489780426025,2261,9,0,0.5259931087493896,0.15923748910427094
