time,valid_cells,missing_cells,valid_percent,u_min,u_mean,u_max,v_min,v_mean,v_max,speed_min,speed_mean,speed_median,speed_max,speed_gt_1,speed_gt_2,speed_gt_3,status
2026-08-28T06:00:00.000000000,125634,78182,61.64089178474703,-0.8508090972900391,0.19447073340415955,1.632124423980713,-1.1600831747055054,0.0011238058796152472,1.434091329574585,0.0013546482659876347,0.3205938935279846,0.26726627349853516,1.9572839736938477,2789,0,0,PASS
2026-08-28T12:00:00.000000000,125634,78182,61.64089178474703,-0.9314465522766113,0.3120914697647095,1.864015817642212,-1.2308566570281982,-0.007673264946788549,1.700240969657898,0.00046114277211017907,0.41908419132232666,0.3451157510280609,2.273752450942993,5604,109,0,PASS
2026-08-28T18:00:00.000000000,125634,78182,61.64089178474703,-0.8062701225280762,0.17980431020259857,1.7496708631515503,-1.3534562587738037,-0.035202059894800186,1.5451784133911133,0.00038608061731792986,0.30025798082351685,0.25324785709381104,2.0398943424224854,2923,4,0,PASS
2026-08-29T00:00:00.000000000,125634,78182,61.64089178474703,-0.893958568572998,0.17062711715698242,1.8682301044464111,-1.205185890197754,-0.023968933150172234,1.4200372695922852,0.00048224881174974144,0.2853589653968811,0.2337377667427063,2.1151978969573975,2672,14,0,PASS
2026-08-29T06:00:00.000000000,125634,78182,61.64089178474703,-0.9350852966308594,0.2240697741508484,1.8297145366668701,-1.2259184122085571,-0.015374726615846157,1.5113264322280884,0.00039431205368600786,0.32795804738998413,0.2721843719482422,2.1484534740448,3475,23,0,PASS
2026-08-29T12:00:00.000000000,125634,78182,61.64089178474703,-0.9510670304298401,0.32492080330848694,2.100205421447754,-1.3742644786834717,-0.033881161361932755,1.757182240486145,0.001159030944108963,0.42099666595458984,0.3448578715324402,2.3321611881256104,5451,154,0,PASS
2026-08-29T18:00:00.000000000,125634,78182,61.64089178474703,-0.9803162813186646,0.17703206837177277,1.83197021484375,-1.435241460800171,-0.05397247523069382,1.5881304740905762,0.000763867748901248,0.3002559244632721,0.2488538771867752,2.035008430480957,2954,6,0,PASS
2026-08-30T00:00:00.000000000,125634,78182,61.64089178474703,-0.9540886878967285,0.1631343811750412,1.81551194190979,-1.225698709487915,-0.03135639801621437,1.498762607574463,0.0007917308248579502,0.285683810710907,0.23477768898010254,2.041948080062866,2407,5,0,PASS
2026-08-30T06:00:00.000000000,125634,78182,61.64089178474703,-0.921510636806488,0.2202855497598648,1.8879672288894653,-1.1365288496017456,-0.018312780186533928,1.4538662433624268,0.00042917183600366116,0.3318236768245697,0.275473028421402,2.069641351699829,3312,13,0,PASS
2026-08-30T12:00:00.000000000,125634,78182,61.64089178474703,-0.9009759426116943,0.326231449842453,2.123790740966797,-1.3499377965927124,-0.0465717576444149,1.5170316696166992,0.0004081054648850113,0.42848724126815796,0.3508762717247009,2.3795130252838135,5455,92,0,PASS
2026-08-30T18:00:00.000000000,125634,78182,61.64089178474703,-0.9656440019607544,0.16506542265415192,1.987905502319336,-1.470139503479004,-0.06925585120916367,1.3714978694915771,0.00036318006459623575,0.30167248845100403,0.24858562648296356,2.0687098503112793,3307,7,0,PASS
2026-08-31T00:00:00.000000000,125634,78182,61.64089178474703,-1.010909914970398,0.13668785989284515,1.931686520576477,-1.5067836046218872,-0.05254634842276573,1.229705572128296,0.0008472343906760216,0.2805429697036743,0.22809743881225586,2.039682626724243,2745,5,0,PASS
2026-08-31T06:00:00.000000000,125634,78182,61.64089178474703,-1.0122283697128296,0.17925849556922913,2.0776753425598145,-1.4143054485321045,-0.03344540670514107,1.2494913339614868,0.0007992875762283802,0.3191884458065033,0.2656392455101013,2.139587640762329,3158,37,0,PASS
2026-08-31T12:00:00.000000000,125634,78182,61.64089178474703,-0.9607899188995361,0.27947527170181274,2.2202987670898438,-1.3736807107925415,-0.040230125188827515,1.4237229824066162,0.0003688958240672946,0.41393059492111206,0.35493919253349304,2.276782751083374,4992,97,0,PASS
2026-08-31T18:00:00.000000000,125634,78182,61.64089178474703,-1.0668275356292725,0.13556809723377228,2.053231716156006,-1.4377548694610596,-0.04672335460782051,1.491398572921753,0.00026372013962827623,0.2979377210140228,0.25064098834991455,2.0928285121917725,2169,9,0,PASS
2026-09-01T00:00:00.000000000,125634,78182,61.64089178474703,-0.9431227445602417,0.12018676102161407,2.043565273284912,-1.184916615486145,-0.01781296171247959,1.43796706199646,0.00012417067773640156,0.27848944067955017,0.22793474793434143,2.1046180725097656,1659,8,0,PASS
2026-09-01T06:00:00.000000000,125634,78182,61.64089178474703,-0.8847745060920715,0.1848217397928238,2.0540578365325928,-1.018213152885437,0.011595767922699451,1.4591546058654785,0.0004097564087715,0.3188655376434326,0.2715749740600586,2.135091543197632,2372,26,0,PASS
2026-09-01T12:00:00.000000000,125634,78182,61.64089178474703,-0.8207606077194214,0.30207979679107666,2.2071845531463623,-1.2142481803894043,-0.0029647808987647295,1.583404779434204,0.001288720523007214,0.41258537769317627,0.3568143844604492,2.353489637374878,4161,157,0,PASS
2026-09-01T18:00:00.000000000,125634,78182,61.64089178474703,-0.9025135040283203,0.16534829139709473,1.9807243347167969,-1.4795405864715576,-0.04686078801751137,1.408110499382019,0.00025555325555615127,0.3034166395664215,0.25147682428359985,2.0365614891052246,2859,7,0,PASS
2026-09-02T00:00:00.000000000,125634,78182,61.64089178474703,-0.9886102676391602,0.13616988062858582,2.003328323364258,-1.4086406230926514,-0.030950438231229782,1.343989372253418,0.0009079868905246258,0.2817724943161011,0.22433441877365112,2.057203769683838,2425,4,0,PASS
2026-09-02T06:00:00.000000000,125634,78182,61.64089178474703,-0.9413385391235352,0.19838115572929382,2.095580816268921,-1.2002431154251099,-0.0050109573639929295,1.4465436935424805,0.0007598235388286412,0.3178182542324066,0.265997052192688,2.1406028270721436,2700,43,0,PASS
2026-09-02T12:00:00.000000000,125634,78182,61.64089178474703,-0.8672337532043457,0.30997782945632935,2.3059489727020264,-1.1932085752487183,-0.03266994282603264,1.6060686111450195,0.0004076614568475634,0.40425390005111694,0.3480508625507355,2.362994432449341,4171,165,0,PASS
2026-09-02T18:00:00.000000000,125634,78182,61.64089178474703,-0.9639101028442383,0.16204404830932617,2.078230381011963,-1.3853020668029785,-0.06857959181070328,1.5122150182724,0.0007056278991512954,0.2957098186016083,0.2445904016494751,2.106004238128662,2557,24,0,PASS
2026-09-03T00:00:00.000000000,125634,78182,61.64089178474703,-1.0018973350524902,0.11839642375707626,2.072824001312256,-1.2265987396240234,-0.0483175553381443,1.3679488897323608,0.0009881396545097232,0.2692519724369049,0.21532343327999115,2.0986595153808594,2051,19,0,PASS
2026-09-03T06:00:00.000000000,125634,78182,61.64089178474703,-0.9626519680023193,0.165129616856575,2.1774508953094482,-1.117847204208374,-0.023304088041186333,1.360680103302002,0.0004165306454524398,0.2930915057659149,0.24171936511993408,2.1900646686553955,2289,54,0,PASS
2026-09-03T12:00:00.000000000,125634,78182,61.64089178474703,-0.9143332242965698,0.24724774062633514,2.3994264602661133,-1.1141505241394043,-0.04844016209244728,1.4800690412521362,0.0008068641764111817,0.35205262899398804,0.29740336537361145,2.4068329334259033,3310,95,0,PASS
2026-09-03T18:00:00.000000000,125634,78182,61.64089178474703,-0.9330213069915771,0.13621900975704193,2.1774773597717285,-1.2680038213729858,-0.07116948068141937,1.501022458076477,0.00025831934181042016,0.27685752511024475,0.22369414567947388,2.1896655559539795,2542,19,0,PASS
2026-09-04T00:00:00.000000000,125634,78182,61.64089178474703,-1.0609469413757324,0.09649722278118134,2.109001636505127,-1.3174853324890137,-0.04986128583550453,1.40632963180542,0.0002648468071129173,0.25507789850234985,0.1968441605567932,2.130357265472412,2261,9,0,PASS
