MONTH_DATE,FISHING_GROUND_CODE,lat_center,lon_center,cpue,predicted_cpue,true_score,predicted_score
2021-01-01,6105065,7.5,67.5,0.00041202020202020203,0.0004228824429054233,0.025140250705020274,0.02580407420491765
2021-02-01,6105065,7.5,67.5,0.000688875696410631,0.0004228824429054233,0.04205745566005432,0.02580407420491765
2021-03-01,6105085,7.5,87.5,0.0004195278969957081,0.00038663588897859996,0.025599068803710223,0.023588912544448164
2021-04-01,6105065,7.5,67.5,0.00031748645125883245,0.0004228824429054233,0.019362710712322807,0.02580407420491765
2021-04-01,6110065,12.5,67.5,0.00040246636771300445,0.0006182081307858168,0.0245563818230948,0.037739771740689806
2021-05-01,6105065,7.5,67.5,0.0004227165234687957,0.0004228824429054233,0.025793934434175877,0.02580407420491765
2021-05-01,6110065,12.5,67.5,0.0005693078161330711,0.0006182081307858168,0.03475185620442917,0.037739771740689806
2021-06-01,6105065,7.5,67.5,4.8125000000000004e-05,0.0004228824429054233,0.0028973778928070323,0.02580407420491765
2021-08-01,6105065,7.5,67.5,0.0002392222222222222,0.0004228824429054233,0.014579088290958619,0.02580407420491765
2021-11-01,6105065,7.5,67.5,0.00035035714285714287,0.0004228824429054233,0.021371703129927835,0.02580407420491765
2021-12-01,6105065,7.5,67.5,0.00045277901833366065,0.0004228824429054233,0.02763110467431786,0.02580407420491765
2022-01-01,6105065,7.5,67.5,0.0003820660343574227,0.0004228824429054233,0.023309626042280297,0.02580407420491765
2022-02-01,6105065,7.5,67.5,0.00023553130210701834,0.0004228824429054233,0.014353484694603512,0.02580407420491765
2022-03-01,6105065,7.5,67.5,0.00018979792716113716,0.0004228824429054233,0.011558011355390493,0.02580407420491765
2022-04-01,6105065,7.5,67.5,0.0003031368216664993,0.0004228824429054233,0.018485668700970726,0.02580407420491765
2022-05-01,6105065,7.5,67.5,0.0004597566219470244,0.0004228824429054233,0.028057510016309732,0.02580407420491765
2022-05-01,6110065,12.5,67.5,0.0003211248285322359,0.0006182081307858168,0.019585084468422127,0.037739771740689806
2022-06-01,6105065,7.5,67.5,0.00048525112143543736,0.0004228824429054233,0.02961546815746642,0.02580407420491765
2022-07-01,6105065,7.5,67.5,8.087248322147651e-05,0.0004228824429054233,0.004899379260529277,0.02580407420491765
2022-08-01,6105065,7.5,67.5,0.00021890287969757616,0.0004228824429054233,0.013337079601855048,0.02580407420491765
2022-09-01,6105065,7.5,67.5,0.00022196166713566584,0.0004228824429054233,0.013524047922854679,0.02580407420491765
2022-11-01,6105065,7.5,67.5,0.0002212491738268341,0.0004228824429054233,0.013480496834677648,0.02580407420491765
2022-12-01,6105065,7.5,67.5,0.00024117910651314122,0.0004228824429054233,0.01469870044009885,0.02580407420491765
2022-12-01,6110065,12.5,67.5,0.0008627450980392157,0.0006182081307858168,0.052679321533333066,0.037739771740689806
2023-01-01,6105065,7.5,67.5,0.0008196542463914065,0.0004228824429054233,0.05004702776949735,0.02580407420491765
2023-02-01,6105065,7.5,67.5,0.00035308026170888127,0.0004228824429054233,0.021538131870278022,0.02580407420491765
2023-03-01,6105065,7.5,67.5,0.00032976146529185987,0.0004228824429054233,0.020112943298985993,0.02580407420491765
2023-03-01,6110065,12.5,67.5,0.00022689075630252103,0.0006182081307858168,0.013825337196567405,0.037739771740689806
2023-04-01,6105065,7.5,67.5,0.0004266956536742758,0.0004228824429054233,0.026037109025178112,0.02580407420491765
2023-05-01,6105065,7.5,67.5,0.0005882718572255714,0.0004228824429054233,0.035910617677675116,0.02580407420491765
2023-06-01,6105065,7.5,67.5,0.0004244321478728146,0.0004228824429054233,0.025898780647589277,0.02580407420491765
2023-06-01,6105075,7.5,77.5,9.271523178807946e-05,0.0005262754620042815,0.005623363760720706,0.032122365017102326
2023-06-01,6105080,7.5,82.5,0.00017,0.0003654034653504745,0.010347814410965451,0.022291282924955226
2023-06-01,6105085,7.5,87.5,0.0004806666666666667,0.00038663588897859996,0.02933531698231363,0.023588912544448164
2023-06-01,6105090,7.5,92.5,0.00035999999999999997,0.0003965330030348244,0.02196104318611189,0.02419376994342549
2023-06-01,6110065,12.5,67.5,0.0010855148342059336,0.0006182081307858168,0.06628586429912933,0.037739771740689806
2023-07-01,6105065,7.5,67.5,0.0004779227053140097,0.0004228824429054233,0.029167635796282166,0.02580407420491765
2023-07-01,6105085,7.5,87.5,0.00044,0.00038663588897859996,0.02685016385449088,0.023588912544448164
2023-07-01,6105090,7.5,92.5,0.00066,0.0003965330030348244,0.04029323008586378,0.02419376994342549
2023-08-01,6105065,7.5,67.5,0.000441875,0.0004228824429054233,0.026964747931184904,0.02580407420491765
2023-09-01,6105065,7.5,67.5,0.00011733333333333334,0.0004228824429054233,0.007128318371076205,0.02580407420491765
2023-10-01,6105065,7.5,67.5,0.00028276190476190475,0.0004228824429054233,0.01724034260000852,0.02580407420491765
2023-11-01,6105065,7.5,67.5,0.0007983058608058609,0.0004228824429054233,0.04874287551410368,0.02580407420491765
2023-12-01,6105065,7.5,67.5,0.0009407643479864092,0.0004228824429054233,0.05744500038053787,0.02580407420491765
2024-01-01,6105065,7.5,67.5,0.00012392266480316794,0.0004228824429054233,0.00753113131902607,0.02580407420491765
2024-02-01,6105065,7.5,67.5,0.0001418928470455188,0.0004228824429054233,0.008629654475864796,0.02580407420491765
2024-03-01,6105065,7.5,67.5,0.00014809572488270296,0.0004228824429054233,0.00900883385787644,0.02580407420491765
2024-04-01,6105065,7.5,67.5,0.0002684,0.0004228824429054233,0.016362519858652416,0.02580407420491765
2024-05-01,6105065,7.5,67.5,0.0008404649983870224,0.0004228824429054233,0.05131830973175659,0.02580407420491765
2024-06-01,6105065,7.5,67.5,0.0003028306059265812,0.0004228824429054233,0.018466952814673216,0.02580407420491765
2024-07-01,6105085,7.5,87.5,0.0003333333333333333,0.00038663588897859996,0.020331249409844498,0.023588912544448164
2024-12-01,6105085,7.5,87.5,0.0003132832080200501,0.00038663588897859996,0.019105811941205635,0.023588912544448164
2025-01-01,6105065,7.5,67.5,0.00047406667499063547,0.0004228824429054233,0.028931996227204604,0.02580407420491765
2025-01-01,6105085,7.5,87.5,0.0005874593648412103,0.00038663588897859996,0.03586097233425918,0.023588912544448164
2025-02-01,6105065,7.5,67.5,0.00036792017979586866,0.0004228824429054233,0.022445094558264874,0.02580407420491765
2025-02-01,6105090,7.5,92.5,0.0002708333333333333,0.0003965330030348244,0.01651124999641389,0.02419376994342549
2025-03-01,6105065,7.5,67.5,0.00025171123174967127,0.0004228824429054233,0.015342459642270507,0.02580407420491765
2025-03-01,6110065,12.5,67.5,0.0035499999999999993,0.0006182081307858168,0.21661233268144028,0.037739771740689806
2025-04-01,6105065,7.5,67.5,0.00042133501907578533,0.0004228824429054233,0.025709507022039647,0.02580407420491765
2025-05-01,6105065,7.5,67.5,0.0004585442164350787,0.0004228824429054233,0.027983419436499388,0.02580407420491765
2025-06-01,6105065,7.5,67.5,0.0006052297939778131,0.0004228824429054233,0.03694678138095298,0.02580407420491765
2025-07-01,6105085,7.5,87.5,0.00018636363636363636,0.00038663588897859996,0.011348083609075164,0.023588912544448164
2025-08-01,6105085,7.5,87.5,0.00023391812865497077,0.00038663588897859996,0.014254880908577254,0.023588912544448164
2025-10-01,6105065,7.5,67.5,0.001992897288617133,0.0004228824429054233,0.12167657076443829,0.02580407420491765
2025-11-01,6105065,7.5,67.5,0.00039570800574576653,0.0004228824429054233,0.02414335085671382,0.02580407420491765
2025-12-01,6105065,7.5,67.5,0.0004345394734792284,0.0004228824429054233,0.026516461623277685,0.02580407420491765
